name,party,votes,ward,status,constituency
S JAGATHRATCHAKAN,Dravida Munnetra Kazhagam,563216,ARAKKONAM - 7,Won,Tamil Nadu
L VIJAYAN,All India Anna Dravida Munnetra Kazhagam,256657,ARAKKONAM - 7,Lost,Tamil Nadu
K BALU,Pattali Makkal Katchi,202325,ARAKKONAM - 7,Lost,Tamil Nadu
S AFSHIA NASRIN,Naam Tamilar Katchi,98944,ARAKKONAM - 7,Lost,Tamil Nadu
D PANDIYAN,Bahujan Samaj Party,6212,ARAKKONAM - 7,Lost,Tamil Nadu
A PALANI,Independent,3866,ARAKKONAM - 7,Lost,Tamil Nadu
K MANIGANDAN,Independent,2049,ARAKKONAM - 7,Lost,Tamil Nadu
INDU W,Tamil Manila Murpokku Dravida Kazhagam,1938,ARAKKONAM - 7,Lost,Tamil Nadu
DR A V NARENDRAN,Independent,1722,ARAKKONAM - 7,Lost,Tamil Nadu
M VIJAYAN,Independent,1678,ARAKKONAM - 7,Lost,Tamil Nadu
M BALU,Independent,1561,ARAKKONAM - 7,Lost,Tamil Nadu
SHETTU S,Independent,1561,ARAKKONAM - 7,Lost,Tamil Nadu
V BABU,United Republican Party of India,1366,ARAKKONAM - 7,Lost,Tamil Nadu
M THULASIRAMAN,Independent,1053,ARAKKONAM - 7,Lost,Tamil Nadu
D JANAKIRAMAN,Independent,837,ARAKKONAM - 7,Lost,Tamil Nadu
S SURESH KUMAR,Independent,835,ARAKKONAM - 7,Lost,Tamil Nadu
R VINOTH,Veerath Thiyagi Viswanathadoss Thozhilalarkal Katchi,821,ARAKKONAM - 7,Lost,Tamil Nadu
V VINAYAGAM,Independent,729,ARAKKONAM - 7,Lost,Tamil Nadu
VIJAYAN K,All India Jananayaka Makkal Kazhagam,633,ARAKKONAM - 7,Lost,Tamil Nadu
SHANAVAS J,Independent,583,ARAKKONAM - 7,Lost,Tamil Nadu
V KRISHNANANDAN,Anna MGR Dravida Makkal Kalgam,582,ARAKKONAM - 7,Lost,Tamil Nadu
A JAYACHANDRAN,Independent,538,ARAKKONAM - 7,Lost,Tamil Nadu
N SUGUMAR,Independent,432,ARAKKONAM - 7,Lost,Tamil Nadu
M VIJAY,Independent,427,ARAKKONAM - 7,Lost,Tamil Nadu
G SUDHAKAR,Independent,380,ARAKKONAM - 7,Lost,Tamil Nadu
K VENKATESAN,Independent,264,ARAKKONAM - 7,Lost,Tamil Nadu
NOTA,None of the Above,12613,ARAKKONAM - 7,Lost,Tamil Nadu
THARANIVENTHAN M S,Dravida Munnetra Kazhagam,500099,ARANI - 12,Won,Tamil Nadu
"GAJENDRAN, G.V.",All India Anna Dravida Munnetra Kazhagam,291333,ARANI - 12,Lost,Tamil Nadu
DR GANESH KUMAR A ME PHD,Pattali Makkal Katchi,236571,ARANI - 12,Lost,Tamil Nadu
"BAKIYALAKSHMI, K.",Naam Tamilar Katchi,66740,ARANI - 12,Lost,Tamil Nadu
"MANIGANDAN, V.",Independent,4808,ARANI - 12,Lost,Tamil Nadu
"GANESH KUMAR, U.",Independent,3812,ARANI - 12,Lost,Tamil Nadu
DURAI  M,Bahujan Samaj Party,3685,ARANI - 12,Lost,Tamil Nadu
"GAJENDRAN, J.",Independent,3400,ARANI - 12,Lost,Tamil Nadu
"KARVANNAN, K.",Independent,3036,ARANI - 12,Lost,Tamil Nadu
"GAJENDIRAN, E.",Independent,2613,ARANI - 12,Lost,Tamil Nadu
"KOTTAI VENKATESAN, M.",Independent,1908,ARANI - 12,Lost,Tamil Nadu
"SENTHIL KUMAR, D.",Independent,1475,ARANI - 12,Lost,Tamil Nadu
"SEKAR, N.",Independent,1400,ARANI - 12,Lost,Tamil Nadu
SAKTHIVEL A,Thakkam Katchi,1186,ARANI - 12,Lost,Tamil Nadu
"GANESH, P.",Independent,980,ARANI - 12,Lost,Tamil Nadu
NAGARAJAN P,Veerath Thiyagi Viswanathadoss Thozhilalarkal Katchi,927,ARANI - 12,Lost,Tamil Nadu
CAPTAIN SETTU M,Viro Ke Vir Indian Party,922,ARANI - 12,Lost,Tamil Nadu
"JAISANKAR, M.",Independent,840,ARANI - 12,Lost,Tamil Nadu
EZHIL ARASU M,Independent,753,ARANI - 12,Lost,Tamil Nadu
BABU N,Independent,674,ARANI - 12,Lost,Tamil Nadu
"DURUGAN, M.",United Republican Party of India,604,ARANI - 12,Lost,Tamil Nadu
MOHMMAD SIDDIQ M H,Independent,528,ARANI - 12,Lost,Tamil Nadu
"ARUL, M.",Independent,510,ARANI - 12,Lost,Tamil Nadu
"MANAVALAN, A.",Anna MGR Dravida Makkal Kalgam,480,ARANI - 12,Lost,Tamil Nadu
"DHARANI, D.",Independent,468,ARANI - 12,Lost,Tamil Nadu
"MURUGESAN, D.",Independent,403,ARANI - 12,Lost,Tamil Nadu
"ELLAPPAN, R.",Independent,378,ARANI - 12,Lost,Tamil Nadu
"FEROZKHAN, A.",Independent,298,ARANI - 12,Lost,Tamil Nadu
"DHAMODHARAN, G.",Independent,242,ARANI - 12,Lost,Tamil Nadu
NOTA,None of the Above,9188,ARANI - 12,Lost,Tamil Nadu
DAYANIDHI MARAN,Dravida Munnetra Kazhagam,413848,CHENNAI CENTRAL - 4,Won,Tamil Nadu
VINOJ,Bharatiya Janata Party,169159,CHENNAI CENTRAL - 4,Lost,Tamil Nadu
B. PARTHASARATHY,Desiya Murpokku Dravida Kazhagam,72016,CHENNAI CENTRAL - 4,Lost,Tamil Nadu
DR.R.KARTHIKEYAN,Naam Tamilar Katchi,46031,CHENNAI CENTRAL - 4,Lost,Tamil Nadu
ANBAZHAGAN.G,Independent,3186,CHENNAI CENTRAL - 4,Lost,Tamil Nadu
DILAVAR ALI,Tipu Sultan Party,2546,CHENNAI CENTRAL - 4,Lost,Tamil Nadu
SAMARAN,Bahujan Samaj Party,2147,CHENNAI CENTRAL - 4,Lost,Tamil Nadu
L.KASINATHAN,Independent,1060,CHENNAI CENTRAL - 4,Lost,Tamil Nadu
AGNI AALVAR,Independent,787,CHENNAI CENTRAL - 4,Lost,Tamil Nadu
C.S.KARNAN,Anti Corruption Dynamic Party,761,CHENNAI CENTRAL - 4,Lost,Tamil Nadu
M.L.RAVI,Desiya Makkal Sakthi Katchi,696,CHENNAI CENTRAL - 4,Lost,Tamil Nadu
S.KANDASAMY,Independent,596,CHENNAI CENTRAL - 4,Lost,Tamil Nadu
DHAYANIDHI SURESH,Independent,567,CHENNAI CENTRAL - 4,Lost,Tamil Nadu
S.SATHISH KUMAR,Independent,527,CHENNAI CENTRAL - 4,Lost,Tamil Nadu
P.ARJUNAN,Independent,509,CHENNAI CENTRAL - 4,Lost,Tamil Nadu
S.SATHISH KUMAR,Independent,501,CHENNAI CENTRAL - 4,Lost,Tamil Nadu
G.OMPRAKASH,Independent,488,CHENNAI CENTRAL - 4,Lost,Tamil Nadu
V.V.TAMILARASAN,Independent,389,CHENNAI CENTRAL - 4,Lost,Tamil Nadu
UDAYA KUMAR.V,Independent,382,CHENNAI CENTRAL - 4,Lost,Tamil Nadu
B.PARTHASARATHY,Independent,380,CHENNAI CENTRAL - 4,Lost,Tamil Nadu
K.CHANDRASEKAR,Naadaalum Makkal Katchi,373,CHENNAI CENTRAL - 4,Lost,Tamil Nadu
N.RAMAN,Tamilnadu Makkal Nalvazhvu Periyakkam,314,CHENNAI CENTRAL - 4,Lost,Tamil Nadu
R.MINNAL RAJ,Independent,310,CHENNAI CENTRAL - 4,Lost,Tamil Nadu
A.SELVA KUMAR,Thakkam Katchi,270,CHENNAI CENTRAL - 4,Lost,Tamil Nadu
R.VIJAY,Independent,268,CHENNAI CENTRAL - 4,Lost,Tamil Nadu
M.NAGARAJ,Independent,254,CHENNAI CENTRAL - 4,Lost,Tamil Nadu
J.NAGARAJ,Independent,241,CHENNAI CENTRAL - 4,Lost,Tamil Nadu
SENTHILKUMAR,Chennai Youth Party,223,CHENNAI CENTRAL - 4,Lost,Tamil Nadu
RANJITHKUMAR.S,Independent,215,CHENNAI CENTRAL - 4,Lost,Tamil Nadu
RAVI BALARAMAN,Independent,183,CHENNAI CENTRAL - 4,Lost,Tamil Nadu
MANJUNATHA.R,Independent,159,CHENNAI CENTRAL - 4,Lost,Tamil Nadu
NOTA,None of the Above,11163,CHENNAI CENTRAL - 4,Lost,Tamil Nadu
DR.KALANIDHI VEERASWAMY,Dravida Munnetra Kazhagam,497333,CHENNAI NORTH - 2,Won,Tamil Nadu
R. MANOHAR,All India Anna Dravida Munnetra Kazhagam,158111,CHENNAI NORTH - 2,Lost,Tamil Nadu
R.C. PAUL KANAGARAJ,Bharatiya Janata Party,113318,CHENNAI NORTH - 2,Lost,Tamil Nadu
AMUDINI,Naam Tamilar Katchi,95954,CHENNAI NORTH - 2,Lost,Tamil Nadu
SARAH FATHIMA,Independent,5923,CHENNAI NORTH - 2,Lost,Tamil Nadu
E. IQBAL,Bahujan Samaj Party,3486,CHENNAI NORTH - 2,Lost,Tamil Nadu
MOORTHY. V,Independent,3137,CHENNAI NORTH - 2,Lost,Tamil Nadu
SURIYAMUTHU,Independent,978,CHENNAI NORTH - 2,Lost,Tamil Nadu
C. SENAPATHI,Independent,850,CHENNAI NORTH - 2,Lost,Tamil Nadu
DILLI GANESH. E,Independent,736,CHENNAI NORTH - 2,Lost,Tamil Nadu
U. VENKATESH,Independent,714,CHENNAI NORTH - 2,Lost,Tamil Naduist
M. ZION RAJ,Independent,697,CHENNAI NORTH - 2,Lost,Tamil Nadu
A. AJITHKUMAR,Thakkam Katchi,673,CHENNAI NORTH - 2,Lost,Tamil Nadu
J. SEBASTIN,Socialist Unity Centre Of India (COMMUNIST),588,CHENNAI NORTH - 2,Lost,Tamil Nadu
AKSHAY,Naadaalum Makkal Katchi,566,CHENNAI NORTH - 2,Lost,Tamil Nadu
B. BALAMURUGAN,Independent,488,CHENNAI NORTH - 2,Lost,Tamil Nadu
K.PALANIAPPAN,Independent,462,CHENNAI NORTH - 2,Lost,Tamil Nadu
R. SENTHIL KUMAR,Independent,457,CHENNAI NORTH - 2,Lost,Tamil Nadu
MATHANKUMAR. G,Independent,390,CHENNAI NORTH - 2,Lost,Tamil Nadu
P. JAYASELAN,Independent,386,CHENNAI NORTH - 2,Lost,Tamil Nadu
M. KOLANJI,Independent,362,CHENNAI NORTH - 2,Lost,Tamil Nadu
B. ZAKIR HUSSAIN,Independent,355,CHENNAI NORTH - 2,Lost,Tamil Nadu
P. UMADEVI,Independent,346,CHENNAI NORTH - 2,Lost,Tamil Nadu
K.C.JAYAPRAKASH,Independent,334,CHENNAI NORTH - 2,Lost,Tamil Nadu
C. SRIDHAR,Independent,307,CHENNAI NORTH - 2,Lost,Tamil Nadu
T. MANOHARAN,Independent,293,CHENNAI NORTH - 2,Lost,Tamil Nadu
K. SAMPATH,Independent,269,CHENNAI NORTH - 2,Lost,Tamil Nadu
D. SRINIVASAN,Independent,261,CHENNAI NORTH - 2,Lost,Tamil Nadu
S. RAVIKUMAR,Republican Party of India  (Sivaraj),259,CHENNAI NORTH - 2,Lost,Tamil Nadu
T. KAVIYARASU,Independent,252,CHENNAI NORTH - 2,Lost,Tamil Nadu
SATHISH. B,Independent,246,CHENNAI NORTH - 2,Lost,Tamil Nadu
D. KABILAN,Independent,209,CHENNAI NORTH - 2,Lost,Tamil Nadu
R.VINAYAGAMOORTHY,Independent,206,CHENNAI NORTH - 2,Lost,Tamil Nadu
P. MARIMUTHU,Independent,172,CHENNAI NORTH - 2,Lost,Tamil Nadu
V.MADHAN MOHAN,Independent,163,CHENNAI NORTH - 2,Lost,Tamil Nadu
NOTA,None of the Above,13208,CHENNAI NORTH - 2,Lost,Tamil Nadu
T.SUMATHY (ALIAS) THAMIZHACHI THANGAPANDIAN,Dravida Munnetra Kazhagam,516628,CHENNAI SOUTH - 3,Won,Tamil Nadu
DR.TAMILISAI SOUNDARARAJAN,Bharatiya Janata Party,290683,CHENNAI SOUTH - 3,Lost,Tamil Nadu
DR.J.JAYAVARDHAN,All India Anna Dravida Munnetra Kazhagam,172491,CHENNAI SOUTH - 3,Lost,Tamil Nadu
S.TAMILCHELVI,Naam Tamilar Katchi,83972,CHENNAI SOUTH - 3,Lost,Tamil Nadu
M.G.RAMU,Jebamani Janata,3534,CHENNAI SOUTH - 3,Lost,Tamil Nadu
M.AZARUTHEEN,Independent,1812,CHENNAI SOUTH - 3,Lost,Tamil Nadu
G.P. ROBERT,Bahujan Samaj Party,1599,CHENNAI SOUTH - 3,Lost,Tamil Nadu
R.RAVICHANDRAN,Independent,835,CHENNAI SOUTH - 3,Lost,Tamil Nadu
S.MANIMARAN,Independent,803,CHENNAI SOUTH - 3,Lost,Tamil Nadu
FARMER JAYARAMAN. S.K.J,Desiya Makkal Sakthi Katchi,792,CHENNAI SOUTH - 3,Lost,Tamil Nadu
A.K.D. ELLAPPAN,Mahathma Makkal Munnetra Kazhakam,761,CHENNAI SOUTH - 3,Lost,Tamil Nadu
K.KANNAN,Independent,625,CHENNAI SOUTH - 3,Lost,Tamil Nadu
BALAJI. G. MANGADU,Aravor Munnetra Kazhagam,589,CHENNAI SOUTH - 3,Lost,Tamil Nadu
R.KANCHANA,Tamizhaga Murpokku Makkal Katchi,566,CHENNAI SOUTH - 3,Lost,Tamil Nadu
KUTTIMANI. S,Veerath Thiyagi Viswanathadoss Thozhilalarkal Katchi,565,CHENNAI SOUTH - 3,Lost,Tamil Nadu
SASI REKHA,Naadaalum Makkal Katchi,559,CHENNAI SOUTH - 3,Lost,Tamil Nadu
P. SATHEESH KUMAR,Independent,521,CHENNAI SOUTH - 3,Lost,Tamil Nadu
P.SEKAR,Thakkam Katchi,435,CHENNAI SOUTH - 3,Lost,Tamil Nadu
R.YOGESHWARAN,Independent,426,CHENNAI SOUTH - 3,Lost,Tamil Nadu
J. SATHISH,Independent,418,CHENNAI SOUTH - 3,Lost,Tamil Nadu
V.P. RAVIKKARAN,Independent,373,CHENNAI SOUTH - 3,Lost,Tamil Nadu
A.PONNUDURAI,Independent,362,CHENNAI SOUTH - 3,Lost,Tamil Nadu
N.V.DAMODARAN,National Maha Sabha Party,343,CHENNAI SOUTH - 3,Lost,Tamil Nadu
M.MUNUSWAMY,Viro Ke Vir Indian Party,330,CHENNAI SOUTH - 3,Lost,Tamil Nadu
KARTHIK MURTHY,Independent,315,CHENNAI SOUTH - 3,Lost,Tamil Nadu
V.P.SURESH,Independent,289,CHENNAI SOUTH - 3,Lost,Tamil Nadu
E.RAMESH,Independent,270,CHENNAI SOUTH - 3,Lost,Tamil Nadu
R.BALAJI,Independent,264,CHENNAI SOUTH - 3,Lost,Tamil Nadu
DINESH KUMAR. B,Independent,253,CHENNAI SOUTH - 3,Lost,Tamil Nadu
A.BABU,Independent,246,CHENNAI SOUTH - 3,Lost,Tamil Nadu
DAYALAN. R,Independent,242,CHENNAI SOUTH - 3,Lost,Tamil Nadu
VIJIRATHINAM. M,Independent,237,CHENNAI SOUTH - 3,Lost,Tamil Nadu
V.SIVAKUMAR,Independent,217,CHENNAI SOUTH - 3,Lost,Tamil Nadu
MURUGAN. P,Independent,182,CHENNAI SOUTH - 3,Lost,Tamil Nadu
G.RAMESHBABU,Independent,179,CHENNAI SOUTH - 3,Lost,Tamil Nadu
S.RAJASEKARAN,Independent,178,CHENNAI SOUTH - 3,Lost,Tamil Nadu
N.NARAYANASWAMY,Independent,175,CHENNAI SOUTH - 3,Lost,Tamil Nadu
R.DEVENDRAN,Independent,168,CHENNAI SOUTH - 3,Lost,Tamil Nadu
PARTHIBAN. S,Independent,166,CHENNAI SOUTH - 3,Lost,Tamil Nadu
I. DAVIDSINGH,Independent,151,CHENNAI SOUTH - 3,Lost,Tamil Nadu
E RAVENDRAN,Independent,114,CHENNAI SOUTH - 3,Lost,Tamil Nadu
NOTA,None of the Above,15653,CHENNAI SOUTH - 3,Lost,Tamil Nadu
THIRUMAAVALAVAN THOL,Viduthalai Chiruthaigal Katchi,505084,CHIDAMBARAM - 27,Won,Tamil Nadu
CHANDRAHASAN M,All India Anna Dravida Munnetra Kazhagam,401530,CHIDAMBARAM - 27,Lost,Tamil Nadu
KARTHIYAYINI P,Bharatiya Janata Party,168493,CHIDAMBARAM - 27,Lost,Tamil Nadu
JANCIRANI R,Naam Tamilar Katchi,65589,CHIDAMBARAM - 27,Lost,Tamil Nadu
NEELAMEGAM K,Bahujan Samaj Party,3203,CHIDAMBARAM - 27,Lost,Tamil Nadu
TAMILVENDHAN P,Independent,3062,CHIDAMBARAM - 27,Lost,Tamil Nadu
PERUMAL S,Independent,2239,CHIDAMBARAM - 27,Lost,Tamil Nadu
VETTRIVEL G,Independent,2041,CHIDAMBARAM - 27,Lost,Tamil Nadu
ARCHUNAN M A T,Independent,1836,CHIDAMBARAM - 27,Lost,Tamil Nadu
DHAMODHARAN S,Naadaalum Makkal Katchi,1642,CHIDAMBARAM - 27,Lost,Tamil Nadu
RATHA G,Independent,1280,CHIDAMBARAM - 27,Lost,Tamil Nadu
RAJAMANICKAM C,Independent,1087,CHIDAMBARAM - 27,Lost,Tamil Nadu
CHINNADURAI A,Independent,638,CHIDAMBARAM - 27,Lost,Tamil Nadu
ELAVARASAN C,Independent,586,CHIDAMBARAM - 27,Lost,Tamil Nadu
NOTA,None of the Above,8761,CHIDAMBARAM - 27,Lost,Tamil Nadu
GANAPATHY RAJKUMAR P,Dravida Munnetra Kazhagam,568200,COIMBATORE - 20,Won,Tamil Nadu
ANNAMALAI K,Bharatiya Janata Party,450132,COIMBATORE - 20,Lost,Tamil Nadu
SINGAI G RAMACHANDRAN,All India Anna Dravida Munnetra Kazhagam,236490,COIMBATORE - 20,Lost,Tamil Nadu
KALAMANI JAGANATHAN,Naam Tamilar Katchi,82657,COIMBATORE - 20,Lost,Tamil Nadu
VELMURUGAN K,Bahujan Samaj Party,2375,COIMBATORE - 20,Lost,Tamil Nadu
SANJAYKUMAR S,Independent,1789,COIMBATORE - 20,Lost,Tamil Nadu
ANNADURAI R,Independent,1772,COIMBATORE - 20,Lost,Tamil Nadu
SURESH M,Independent,1474,COIMBATORE - 20,Lost,Tamil Nadu
GOPALAKRISHNAN S,Independent,1199,COIMBATORE - 20,Lost,Tamil Nadu
RAGHUL GANDHI K,Hindustan Janta Party,1176,COIMBATORE - 20,Lost,Tamil Nadu
KARTHICK T,Independent,1073,COIMBATORE - 20,Lost,Tamil Nadu
RAJKUMAR M,Independent,1068,COIMBATORE - 20,Lost,Tamil Nadu
RAJKUMAR,Independent,1013,COIMBATORE - 20,Lost,Tamil Nadu
RAJKUMAR G,Independent,892,COIMBATORE - 20,Lost,Tamil Nadu
SHANMUGAM K,Independent,882,COIMBATORE - 20,Lost,Tamil Nadu
KRISHNAN V,Independent,726,COIMBATORE - 20,Lost,Tamil Nadu
RAMACHANDRAN M,Independent,663,COIMBATORE - 20,Lost,Tamil Nadu
RAJAMANICKAM N,Independent,629,COIMBATORE - 20,Lost,Tamil Nadu
RAJKUMAR G B,Independent,611,COIMBATORE - 20,Lost,Tamil Nadu
KUMAR A,Ganasangam Party of India,551,COIMBATORE - 20,Lost,Tamil Nadu
RICHARD VINCENT,Viro Ke Vir Indian Party,492,COIMBATORE - 20,Lost,Tamil Nadu
SANGEETHA R,Naadaalum Makkal Katchi,492,COIMBATORE - 20,Lost,Tamil Nadu
SURIYAKUMAR K,Independent,447,COIMBATORE - 20,Lost,Tamil Nadu
ARUNKANTH V,Independent,438,COIMBATORE - 20,Lost,Tamil Nadu
ANANDHAKUMAR S,Rashtriya Samaj Paksha,419,COIMBATORE - 20,Lost,Tamil Nadu
RAMACHANDRAN R,Independent,369,COIMBATORE - 20,Lost,Tamil Nadu
MUTHUSAMY P P,Independent,369,COIMBATORE - 20,Lost,Tamil Nadu
PALANISAMYRAAJ M,Independent,316,COIMBATORE - 20,Lost,Tamil Nadu
PUSHPANANTHAM V,Tamizhaga Murpokku Makkal Katchi,305,COIMBATORE - 20,Lost,Tamil Nadu
DINESH K,Independent,285,COIMBATORE - 20,Lost,Tamil Nadu
PREMKUMAR P,Independent,283,COIMBATORE - 20,Lost,Tamil Nadu
RAVICHANDRAN,Independent,272,COIMBATORE - 20,Lost,Tamil Nadu
DURAISAMY A,Independent,266,COIMBATORE - 20,Lost,Tamil Nadu
ZAHIR HUSSAIN,Independent,260,COIMBATORE - 20,Lost,Tamil Nadu
BOOBALAN,Independent,253,COIMBATORE - 20,Lost,Tamil Nadu
NOORMUHAMAD A,Independent,234,COIMBATORE - 20,Lost,Tamil Nadu
PASUPATHI S,Independent,173,COIMBATORE - 20,Lost,Tamil Nadu
NOTA,None of the Above,11788,COIMBATORE - 20,Lost,Tamil Nadu
M.K. VISHNUPRASAD,Indian National Congress,455053,CUDDALORE - 26,Won,Tamil Nadu
P. SIVAKOZHUNDU,Desiya Murpokku Dravida Kazhagam,269157,CUDDALORE - 26,Lost,Tamil Nadu
THANKAR BACHAN,Pattali Makkal Katchi,205244,CUDDALORE - 26,Lost,Tamil Nadu
V. MANIVASAGAN,Naam Tamilar Katchi,57424,CUDDALORE - 26,Lost,Tamil Nadu
S. ARIVUDAINAMBI,Anti Corruption Dynamic Party,6500,CUDDALORE - 26,Lost,Tamil Nadu
A. BALAJI,Independent,5450,CUDDALORE - 26,Lost,Tamil Nadu
V.THANIGAISELVAN,Bahujan Samaj Party,3971,CUDDALORE - 26,Lost,Tamil Nadu
K. MAYAKRISHNAN,Veerath Thiyagi Viswanathadoss Thozhilalarkal Katchi,3702,CUDDALORE - 26,Lost,Tamil Nadu
SU.VA. DHATSHANAMOORTHY,Independent,3419,CUDDALORE - 26,Lost,Tamil Nadu
S. RAMALINGAM,Independent,3216,CUDDALORE - 26,Lost,Tamil Nadu
G. PICHAMUTHU,Independent,2194,CUDDALORE - 26,Lost,Tamil Nadu
R. ANANDHI,Independent,1696,CUDDALORE - 26,Lost,Tamil Nadu
S. CHAKKARAVARTHY,Independent,1488,CUDDALORE - 26,Lost,Tamil Nadu
R. SRINIVASAN,Independent,1363,CUDDALORE - 26,Lost,Tamil Nadu
V. DAKSHANAAMURTHY,Independent,1286,CUDDALORE - 26,Lost,Tamil Nadu
THANGA MURUGAN,Desiya Makkal Sakthi Katchi,1036,CUDDALORE - 26,Lost,Tamil Nadu
R. RAJASEKAR,Independent,712,CUDDALORE - 26,Lost,Tamil Nadu
R. PRAKASH,Independent,700,CUDDALORE - 26,Lost,Tamil Nadu
S. RAJAMOHAN,Independent,660,CUDDALORE - 26,Lost,Tamil Nadu
NOTA,None of the Above,7292,CUDDALORE - 26,Lost,Tamil Nadu
MANI. A.,Dravida Munnetra Kazhagam,432667,DHARMAPURI - 10,Won,Tamil Nadu
SOWMIYA ANBUMANI,Pattali Makkal Katchi,411367,DHARMAPURI - 10,Lost,Tamil Nadu
ASOKAN. R. DR.,All India Anna Dravida Munnetra Kazhagam,293629,DHARMAPURI - 10,Lost,Tamil Nadu
ABINAYA,Naam Tamilar Katchi,65381,DHARMAPURI - 10,Lost,Tamil Nadu
THANGAVEL. K.,Dhesiya Makkal Kazhagam,7331,DHARMAPURI - 10,Lost,Tamil Nadu
THIRUMURUGAN. P.,Independent,5671,DHARMAPURI - 10,Lost,Tamil Nadu
HARI. R.,Bahujan Samaj Party,3166,DHARMAPURI - 10,Lost,Tamil Nadu
SOWMIYA,Independent,3028,DHARMAPURI - 10,Lost,Tamil Nadu
ELAYARANI. P.,Ganasangam Party of India,2315,DHARMAPURI - 10,Lost,Tamil Nadu
ARUMUGAM. M.,Independent,2290,DHARMAPURI - 10,Lost,Tamil Nadu
AGNI AALVAR,Independent,1651,DHARMAPURI - 10,Lost,Tamil Nadu
PALANI. K.,Independent,1450,DHARMAPURI - 10,Lost,Tamil Nadu
MANI. R.,Independent,1033,DHARMAPURI - 10,Lost,Tamil Nadu
ASHOKAN. M.,Independent,1026,DHARMAPURI - 10,Lost,Tamil Nadu
ALAGARASAN. R.,Independent,900,DHARMAPURI - 10,Lost,Tamil Nadu
SUNDHARAMOORTHY. M.,Independent,800,DHARMAPURI - 10,Lost,Tamil Nadu
MANI. C.,Independent,710,DHARMAPURI - 10,Lost,Tamil Nadu
PARTHASARATHI,Tamilar Makkal Katchi,709,DHARMAPURI - 10,Lost,Tamil Nadu
PADMARAJAN. K. DR.,Independent,657,DHARMAPURI - 10,Lost,Tamil Nadu
MANIVASAGAM. C.,Independent,651,DHARMAPURI - 10,Lost,Tamil Nadu
ASOKAN. G.,Independent,611,DHARMAPURI - 10,Lost,Tamil Nadu
AYYAKANNU,Independent,586,DHARMAPURI - 10,Lost,Tamil Nadu
JAGANATHAN. A.,Independent,553,DHARMAPURI - 10,Lost,Tamil Nadu
MANI. S.,Independent,452,DHARMAPURI - 10,Lost,Tamil Nadu
NOTA,None of the Above,9198,DHARMAPURI - 10,Lost,Tamil Nadu
SACHITHANANTHAM R,Communist Party of India  (Marxist),670149,DINDIGUL - 22,Won,Tamil Nadu
MOHAMED MUBARAK M A,All India Anna Dravida Munnetra Kazhagam,226328,DINDIGUL - 22,Lost,Tamil Nadu
THILGABAMA M,Pattali Makkal Katchi,112503,DINDIGUL - 22,Lost,Tamil Nadu
KAILAI RAJAN D,Naam Tamilar Katchi,97845,DINDIGUL - 22,Lost,Tamil Nadu
RAJKUMAR R,Independent,4416,DINDIGUL - 22,Lost,Tamil Nadu
NATCHIMUTHU S,Bahujan Samaj Party,4284,DINDIGUL - 22,Lost,Tamil Nadu
DINESHKUMAR S,All India Youth Development Party,2434,DINDIGUL - 22,Lost,Tamil Nadu
MURUGESAN (A) VISHNU MURUGESAN C,Independent,2008,DINDIGUL - 22,Lost,Tamil Nadu
ANGUCHAMY M,Independent,1290,DINDIGUL - 22,Lost,Tamil Nadu
SURESH K,Independent,1257,DINDIGUL - 22,Lost,Tamil Nadu
ARUMUGAM R,Independent,1089,DINDIGUL - 22,Lost,Tamil Nadu
ANBUROSE D,Independent,1012,DINDIGUL - 22,Lost,Tamil Nadu
SABARINATH S,Independent,1011,DINDIGUL - 22,Lost,Tamil Nadu
PALANISAMY K,Independent,949,DINDIGUL - 22,Lost,Tamil Nadu
SATHISH KANNA G T,Independent,926,DINDIGUL - 22,Lost,Tamil Nadu
NOTA,None of the Above,22120,DINDIGUL - 22,Lost,Tamil Nadu
K E PRAKASH,Dravida Munnetra Kazhagam,562339,ERODE - 17,Won,Tamil Nadu
ASHOK KUMAR,All India Anna Dravida Munnetra Kazhagam,325773,ERODE - 17,Lost,Tamil Nadu
KARMEGAN M,Naam Tamilar Katchi,82796,ERODE - 17,Lost,Tamil Nadu
P VIJAYAKUMAR,Tamil Maanila Congress  (Moopanar),77911,ERODE - 17,Lost,Tamil Nadu
P ESWARAN,Bahujan Samaj Party,5223,ERODE - 17,Lost,Tamil Nadu
T V R AMIRTHALINGAM,Independent,4149,ERODE - 17,Lost,Tamil Nadu
KEERTHANA M,Independent,3799,ERODE - 17,Lost,Tamil Nadu
J GOPALAKRISHNAN,Independent,1955,ERODE - 17,Lost,Tamil Nadu
S ANANTHI,Independent,1686,ERODE - 17,Lost,Tamil Nadu
PRASATH CHITRARASU,Independent,1640,ERODE - 17,Lost,Tamil Nadu
RAVICHANDRAN L,Independent,1380,ERODE - 17,Lost,Tamil Nadu
P RAJENDRAN,Independent,976,ERODE - 17,Lost,Tamil Nadu
P KUPPUSAMY,Ulzaipali Makkal Katchy,950,ERODE - 17,Lost,Tamil Nadu
M SHANMUGAM,Independent,772,ERODE - 17,Lost,Tamil Nadu
R KUMARESAN,Independent,751,ERODE - 17,Lost,Tamil Nadu
N ASHOK KUMAR,Independent,690,ERODE - 17,Lost,Tamil Nadu
DHANALAKSHMI V,Naadaalum Makkal Katchi,679,ERODE - 17,Lost,Tamil Nadu
K MAATHAN,Ganasangam Party of India,618,ERODE - 17,Lost,Tamil Nadu
A T MUNUSAMY,Samaniya Makkal Nala Katchi,616,ERODE - 17,Lost,Tamil Nadu
B DHARMARAJ,Anti Corruption Dynamic Party,601,ERODE - 17,Lost,Tamil Nadu
ARUMUGA AC KANNAN,Independent,549,ERODE - 17,Lost,Tamil Nadu
M SABARINATHAN,Independent,531,ERODE - 17,Lost,Tamil Nadu
R DHANDAPANI,Veerath Thiyagi Viswanathadoss Thozhilalarkal Katchi,504,ERODE - 17,Lost,Tamil Nadu
R KUMAR,Anna Puratchi Thalaivar Amma Dravida Munnetra Kazhagam,432,ERODE - 17,Lost,Tamil Nadu
R.MINNALMURUGESH,Independent,415,ERODE - 17,Lost,Tamil Nadu
K K VADUGANATHAN,Independent,399,ERODE - 17,Lost,Tamil Nadu
G MYLSAMY,Independent,301,ERODE - 17,Lost,Tamil Nadu
MYLVAKANAN D -,Independent,279,ERODE - 17,Lost,Tamil Nadu
M PRABAKARAN,Independent,276,ERODE - 17,Lost,Tamil Nadu
NARENDRANATH,Independent,272,ERODE - 17,Lost,Tamil Nadu
K SENTHIL KUMAR,Independent,178,ERODE - 17,Lost,Tamil Nadu
NOTA,None of the Above,13983,ERODE - 17,Lost,Tamil Nadu
MALAIYARASAN D,Dravida Munnetra Kazhagam,561589,KALLAKURICHI - 14,Won,Tamil Nadu
KUMARAGURU R,All India Anna Dravida Munnetra Kazhagam,507805,KALLAKURICHI - 14,Lost,Tamil Nadu
JAGADESAN A,Naam Tamilar Katchi,73652,KALLAKURICHI - 14,Lost,Tamil Nadu
DEVADASS RAMASAMY,Pattali Makkal Katchi,71290,KALLAKURICHI - 14,Lost,Tamil Nadu
PRABU C,Independent,4275,KALLAKURICHI - 14,Lost,Tamil Nadu
BALAKRISHNAN P,Independent,3469,KALLAKURICHI - 14,Lost,Tamil Nadu
JEEVANRAJ N,Bahujan Samaj Party,3096,KALLAKURICHI - 14,Lost,Tamil Nadu
MAYILAMPARAI MARI A,Independent,2892,KALLAKURICHI - 14,Lost,Tamil Nadu
NATTANMAI GUNASEKARANA A.S,Anna Makkal Katchi,2505,KALLAKURICHI - 14,Lost,Tamil Nadu
KUMARAGURU N,Independent,2227,KALLAKURICHI - 14,Lost,Tamil Nadu
MURUGESAN M,Independent,2225,KALLAKURICHI - 14,Lost,Tamil Nadu
SUBRAMANIAN R K,Independent,872,KALLAKURICHI - 14,Lost,Tamil Nadu
ARUL INIYAN A,Independent,784,KALLAKURICHI - 14,Lost,Tamil Nadu
VENKATRAMAN J,Naadaalum Makkal Katchi,691,KALLAKURICHI - 14,Lost,Tamil Nadu
KAMALAKANNAN M,Independent,630,KALLAKURICHI - 14,Lost,Tamil Nadu
GOVINDARAJ S R,Independent,558,KALLAKURICHI - 14,Lost,Tamil Nadu
PALANIYAMMAL S,Desiya Makkal Sakthi Katchi,548,KALLAKURICHI - 14,Lost,Tamil Nadu
SIGAMANI A,Independent,542,KALLAKURICHI - 14,Lost,Tamil Nadu
RAJASEKAR K,Independent,511,KALLAKURICHI - 14,Lost,Tamil Nadu
JAYABAL PM,Independent,476,KALLAKURICHI - 14,Lost,Tamil Nadu
RAJAMANICKAM C,Independent,399,KALLAKURICHI - 14,Lost,Tamil Nadu
NOTA,None of the Above,8532,KALLAKURICHI - 14,Lost,Tamil Nadu
SELVAM. G,Dravida Munnetra Kazhagam,586044,KANCHEEPURAM - 6,Won,Tamil Nadu
RAJASEKAR. E,All India Anna Dravida Munnetra Kazhagam,364571,KANCHEEPURAM - 6,Lost,Tamil Nadu
JOTHI. V,Pattali Makkal Katchi,164931,KANCHEEPURAM - 6,Lost,Tamil Nadu
SANTHOSH KUMAR. V,Naam Tamilar Katchi,110272,KANCHEEPURAM - 6,Lost,Tamil Nadu
ILAYARAJA. S,Bahujan Samaj Party,5264,KANCHEEPURAM - 6,Lost,Tamil Nadu
VENKATESAN. K,Independent,2807,KANCHEEPURAM - 6,Lost,Tamil Nadu
NARESH BHARATHI. S,Independent,2511,KANCHEEPURAM - 6,Lost,Tamil Nadu
ELANGOVAN. M,Independent,1881,KANCHEEPURAM - 6,Lost,Tamil Nadu
SURYA. A,Independent,1702,KANCHEEPURAM - 6,Lost,Tamil Nadu
RAMESH. S,Independent,1318,KANCHEEPURAM - 6,Lost,Tamil Nadu
SELVAM. T,Independent,1312,KANCHEEPURAM - 6,Lost,Tamil Nadu
NOTA,None of the Above,16965,KANCHEEPURAM - 6,Lost,Tamil Nadu
VIJAYAKUMAR (Alias) VIJAY VASANTH,Indian National Congress,546248,KANNIYAKUMARI - 39,Won,Tamil Nadu
RADHAKRISHNAN P,Bharatiya Janata Party,366341,KANNIYAKUMARI - 39,Lost,Tamil Nadu
MARIA JENNIFER CLARA MICHAEL,Naam Tamilar Katchi,52721,KANNIYAKUMARI - 39,Lost,Tamil Nadu
PASILIAN NAZERATH,All India Anna Dravida Munnetra Kazhagam,41393,KANNIYAKUMARI - 39,Lost,Tamil Nadu
NAGOOR MEERAN PEER MOHAMED U,Independent,4415,KANNIYAKUMARI - 39,Lost,Tamil Nadu
BERRILA L,Independent,3262,KANNIYAKUMARI - 39,Lost,Tamil Nadu
BALASUBRAMANIAN T,Independent,2072,KANNIYAKUMARI - 39,Lost,Tamil Nadu
VIJAYAN G,Bahujan Samaj Party,1623,KANNIYAKUMARI - 39,Lost,Tamil Nadu
DENNISON V,Independent,1278,KANNIYAKUMARI - 39,Lost,Tamil Nadu
DR TOM MANOHAR C M,Punnagai Desam Party,1040,KANNIYAKUMARI - 39,Lost,Tamil Nadu
SATHISH BABU P,Independent,748,KANNIYAKUMARI - 39,Lost,Tamil Nadu
RAJAN SINGH,Bahujan Dravida Party,598,KANNIYAKUMARI - 39,Lost,Tamil Nadu
GEETA M,Thakkam Katchi,552,KANNIYAKUMARI - 39,Lost,Tamil Nadu
SANTHAKUMAR N,Independent,527,KANNIYAKUMARI - 39,Lost,Tamil Nadu
RAMESHKUMAR J L,Independent,465,KANNIYAKUMARI - 39,Lost,Tamil Nadu
ESAKKIMUTHU N,Independent,441,KANNIYAKUMARI - 39,Lost,Tamil Nadu
AYYAPPAN V,Independent,373,KANNIYAKUMARI - 39,Lost,Tamil Nadu
SARAVANAN N,Samaniya Makkal Nala Katchi,315,KANNIYAKUMARI - 39,Lost,Tamil Nadu
VINO JEBA SEELAN T,Independent,270,KANNIYAKUMARI - 39,Lost,Tamil Nadu
KRISHNAN P,Independent,254,KANNIYAKUMARI - 39,Lost,Tamil Nadu
VENKADESH S C,Independent,188,KANNIYAKUMARI - 39,Lost,Tamil Nadu
ANTONY MICHAEL J,Independent,175,KANNIYAKUMARI - 39,Lost,Tamil Nadu
NOTA,None of the Above,3756,KANNIYAKUMARI - 39,Lost,Tamil Nadu
JOTHIMANI. S,Indian National Congress,534906,KARUR - 23,Won,Tamil Nadu
THANGAVEL. L,All India Anna Dravida Munnetra Kazhagam,368090,KARUR - 23,Lost,Tamil Nadu
SENTHILNATHAN. V.V,Bharatiya Janata Party,102482,KARUR - 23,Lost,Tamil Nadu
KARUPPAIYA. R,Naam Tamilar Katchi,87503,KARUR - 23,Lost,Tamil Nadu
SANKARAN. S,Bahujan Samaj Party,2680,KARUR - 23,Lost,Tamil Nadu
SAKTHIVEL. R,Independent,2413,KARUR - 23,Lost,Tamil Nadu
ABILAZAN. N,Independent,1921,KARUR - 23,Lost,Tamil Nadu
KARTHIKPERUMAL. R,Independent,1809,KARUR - 23,Lost,Tamil Nadu
KATHIRAVAN. P,Independent,1448,KARUR - 23,Lost,Tamil Nadu
KARUNAMOORTHY. S,Independent,1278,KARUR - 23,Lost,Tamil Nadu
MOHAMED NAZEEM. S,Independent,938,KARUR - 23,Lost,Tamil Nadu
PALANISAMY. N.A,Independent,934,KARUR - 23,Lost,Tamil Nadu
SHANMUGAM. N,Samaniya Makkal Nala Katchi,929,KARUR - 23,Lost,Tamil Nadu
KALAIRAJ. K,Independent,811,KARUR - 23,Lost,Tamil Nadu
JOTHIMANI. A.K,Independent,808,KARUR - 23,Lost,Tamil Nadu
KANNAN. T,Independent,788,KARUR - 23,Lost,Tamil Nadu
JOTHIMANI. S,Independent,780,KARUR - 23,Lost,Tamil Nadu
SATHASIVAM. R,Independent,729,KARUR - 23,Lost,Tamil Nadu
MANIKANDAN. K,Independent,685,KARUR - 23,Lost,Tamil Nadu
KOSAMALAR. P,Independent,644,KARUR - 23,Lost,Tamil Nadu
MURUGESAN. K,Ganasangam Party of India,630,KARUR - 23,Lost,Tamil Nadu
MAHESWARAN. A,Independent,590,KARUR - 23,Lost,Tamil Nadu
REGIS THIYAGARAJAN. V.G.A,Independent,572,KARUR - 23,Lost,Tamil Nadu
VINCENT. F,Anti Corruption Dynamic Party,515,KARUR - 23,Lost,Tamil Nadu
NATRAYAN. R,Independent,503,KARUR - 23,Lost,Tamil Nadu
BANUMATHY. S,Independent,496,KARUR - 23,Lost,Tamil Nadu
UMADEVI. S,Independent,453,KARUR - 23,Lost,Tamil Nadu
VARADAN. M,Independent,429,KARUR - 23,Lost,Tamil Nadu
MURALI. M,Independent,417,KARUR - 23,Lost,Tamil Nadu
SAKTHIVEL. N,Independent,415,KARUR - 23,Lost,Tamil Nadu
BABU. G,Independent,387,KARUR - 23,Lost,Tamil Nadu
JAFAR ALI. A,Independent,371,KARUR - 23,Lost,Tamil Nadu
PRABHU. G,Independent,354,KARUR - 23,Lost,Tamil Nadu
PALANIVEL. P,Independent,350,KARUR - 23,Lost,Tamil Nadu
ANBAZHAGAN. T,Independent,339,KARUR - 23,Lost,Tamil Nadu
MURUGESAN. P,Independent,327,KARUR - 23,Lost,Tamil Nadu
SOWMIYA. R,Independent,310,KARUR - 23,Lost,Tamil Nadu
SATHISHKUMAR. S,Independent,306,KARUR - 23,Lost,Tamil Nadu
VINOTH KUMAR. N,Independent,276,KARUR - 23,Lost,Tamil Nadu
DHURAIYARASAN. P,Independent,275,KARUR - 23,Lost,Tamil Nadu
SATHIS KUMAR. C,Independent,267,KARUR - 23,Lost,Tamil Nadu
THIRUGNANAM. M,Independent,258,KARUR - 23,Lost,Tamil Nadu
SATHISH. P,Independent,244,KARUR - 23,Lost,Tamil Nadu
MAHAMUNI. A,Independent,213,KARUR - 23,Lost,Tamil Nadu
RAJAPANDIAN. K,Independent,209,KARUR - 23,Lost,Tamil Nadu
JOTHIVEL. A,Independent,206,KARUR - 23,Lost,Tamil Nadu
BASKARAN. N,Independent,205,KARUR - 23,Lost,Tamil Nadu
PUSHPARAJ. N,Independent,199,KARUR - 23,Lost,Tamil Nadu
NARENDRAKUMAR. G,Independent,197,KARUR - 23,Lost,Tamil Nadu
PRASANTH. S,Independent,194,KARUR - 23,Lost,Tamil Nadu
SUBASH MALAYALAM. T,Independent,186,KARUR - 23,Lost,Tamil Nadu
NAGESVARAN. P,Independent,185,KARUR - 23,Lost,Tamil Nadu
DANIYA. P,Independent,165,KARUR - 23,Lost,Tamil Nadu
SIVAKUMAR. V,Independent,151,KARUR - 23,Lost,Tamil Nadu
NOTA,None of the Above,8275,KARUR - 23,Lost,Tamil Nadu
GOPINATH K,Indian National Congress,492883,KRISHNAGIRI - 9,Won,Tamil Nadu
JAYAPRAKASH V,All India Anna Dravida Munnetra Kazhagam,300397,KRISHNAGIRI - 9,Lost,Tamil Nadu
NARASIMHAN C,Bharatiya Janata Party,214125,KRISHNAGIRI - 9,Lost,Tamil Nadu
VIDHYA RANI,Naam Tamilar Katchi,107083,KRISHNAGIRI - 9,Lost,Tamil Nadu
ARUMUGAM M,Bharatiya Praja Aikyata Party,6154,KRISHNAGIRI - 9,Lost,Tamil Nadu
DR.SHANMUGAM .A.R,Independent,5583,KRISHNAGIRI - 9,Lost,Tamil Nadu
ESHWARAN C,Independent,4128,KRISHNAGIRI - 9,Lost,Tamil Nadu
TAMILSELVAN S,Bahujan Samaj Party,3698,KRISHNAGIRI - 9,Lost,Tamil Nadu
SWAMINATHAN T G,Aravor Munnetra Kazhagam,1978,KRISHNAGIRI - 9,Lost,Tamil Nadu
MANI K,Chennai Youth Party,1972,KRISHNAGIRI - 9,Lost,Tamil Nadu
SRINIVASAN K,Independent,1621,KRISHNAGIRI - 9,Lost,Tamil Nadu
VENKATESHKUMAR M,Independent,1590,KRISHNAGIRI - 9,Lost,Tamil Nadu
ALBERT FRANCIS XAVIER S,Independent,1423,KRISHNAGIRI - 9,Lost,Tamil Nadu
SUBRAMANI M,Tamilar Makkal Katchi,1195,KRISHNAGIRI - 9,Lost,Tamil Nadu
SARAVANAKUMAR A,Independent,1169,KRISHNAGIRI - 9,Lost,Tamil Nadu
ANNADURAI K,Independent,1160,KRISHNAGIRI - 9,Lost,Tamil Nadu
ANAND KUMAR A,Independent,1160,KRISHNAGIRI - 9,Lost,Tamil Nadu
MAHARAJAN G,Independent,995,KRISHNAGIRI - 9,Lost,Tamil Nadu
VIJAYAKUMAR K P,Anaithu India Makkal Katchi,937,KRISHNAGIRI - 9,Lost,Tamil Nadu
JAGADHEESAN C,Viro Ke Vir Indian Party,900,KRISHNAGIRI - 9,Lost,Tamil Nadu
DEEKSHITH M,Karunaadu Party,824,KRISHNAGIRI - 9,Lost,Tamil Nadu
RAMESH A,Independent,819,KRISHNAGIRI - 9,Lost,Tamil Nadu
RAJESHWARI B.H.,Independent,799,KRISHNAGIRI - 9,Lost,Tamil Nadu
CHANDRAMOHAN K.M.,Independent,792,KRISHNAGIRI - 9,Lost,Tamil Nadu
DEVAPPA Y,Independent,724,KRISHNAGIRI - 9,Lost,Tamil Nadu
VEERASAMY C,Independent,660,KRISHNAGIRI - 9,Lost,Tamil Nadu
YUVARAJ K P U,Independent,405,KRISHNAGIRI - 9,Lost,Tamil Nadu
NOTA,None of the Above,10982,KRISHNAGIRI - 9,Lost,Tamil Nadu
VENKATESAN S,Communist Party of India  (Marxist),430323,MADURAI - 32,Won,Tamil Nadu
RAAMA SREENIVASAN,Bharatiya Janata Party,220914,MADURAI - 32,Lost,Tamil Nadu
SARAVANAN P,All India Anna Dravida Munnetra Kazhagam,204804,MADURAI - 32,Lost,Tamil Nadu
SATHYADEVI T,Naam Tamilar Katchi,92879,MADURAI - 32,Lost,Tamil Nadu
VELMURUGAN A,Bharatiya Praja Aikyata Party,6009,MADURAI - 32,Lost,Tamil Nadu
RAMAR PANDI T,Bahujan Samaj Party,2506,MADURAI - 32,Lost,Tamil Nadu
VENKATESAN M,Independent,2505,MADURAI - 32,Lost,Tamil Nadu
SHANMUGA SUNDARAM A,United Republican Party of India,2349,MADURAI - 32,Lost,Tamil Nadu
PERIYASAMY K,Independent,1968,MADURAI - 32,Lost,Tamil Nadu
PANDIYAN S,Bahujan Dravida Party,1562,MADURAI - 32,Lost,Tamil Nadu
BOOMINATHAN C,Independent,1213,MADURAI - 32,Lost,Tamil Nadu
MUTHUPANDI S,Independent,1207,MADURAI - 32,Lost,Tamil Nadu
RAMANATHAN S,Independent,1194,MADURAI - 32,Lost,Tamil Nadu
VENKATESH S,Independent,1046,MADURAI - 32,Lost,Tamil Nadu
SANKARAPANDI M.P.,Independent,1029,MADURAI - 32,Lost,Tamil Nadu
GOPISON M.M.,Independent,946,MADURAI - 32,Lost,Tamil Nadu
SARAVANAN K.K.,Independent,844,MADURAI - 32,Lost,Tamil Nadu
GOPALAKRISHNAN S,Independent,746,MADURAI - 32,Lost,Tamil Nadu
CHANDRASEKAR N,Independent,711,MADURAI - 32,Lost,Tamil Nadu
PANDIYAN P,Socialist Unity Centre Of India (COMMUNIST),578,MADURAI - 32,Lost,Tamil Nadu
AVADAINATHAN V,Independent,462,MADURAI - 32,Lost,Tamil Nadu
NOTA,None of the Above,11174,MADURAI - 32,Lost,Tamil Nadu
SUDHA R,Indian National Congress,518459,MAYILADUTHURAI - 28,Won,Tamil Nadu
BABU P,All India Anna Dravida Munnetra Kazhagam,247276,MAYILADUTHURAI - 28,Lost,Tamil Nadu
STALIN M K,Pattali Makkal Katchi,166437,MAYILADUTHURAI - 28,Lost,Tamil Nadu
KALIYAMMAL P,Naam Tamilar Katchi,127642,MAYILADUTHURAI - 28,Lost,Tamil Nadu
KARTHICK A,Samaniya Makkal Nala Katchi,3891,MAYILADUTHURAI - 28,Lost,Tamil Nadu
ILANCHEZHIAN T,Bahujan Samaj Party,2898,MAYILADUTHURAI - 28,Lost,Tamil Nadu
BABU S,Independent,1838,MAYILADUTHURAI - 28,Lost,Tamil Nadu
MANIMARAN T,Independent,1711,MAYILADUTHURAI - 28,Lost,Tamil Nadu
NAGARAJAN K,Independent,1347,MAYILADUTHURAI - 28,Lost,Tamil Nadu
SILAMBARASAN D,Independent,1256,MAYILADUTHURAI - 28,Lost,Tamil Nadu
JAFARULLAH KHAN F,Independent,1236,MAYILADUTHURAI - 28,Lost,Tamil Nadu
TIMOTHY T,Independent,1175,MAYILADUTHURAI - 28,Lost,Tamil Nadu
PANDIYARAJAN S,Independent,1174,MAYILADUTHURAI - 28,Lost,Tamil Nadu
VEDARETHINAM S,Anna MGR Dravida Makkal Kalgam,782,MAYILADUTHURAI - 28,Lost,Tamil Nadu
NITHIYANANTHAM S,Naadaalum Makkal Katchi,739,MAYILADUTHURAI - 28,Lost,Tamil Nadu
SRINIVASAN V,Independent,617,MAYILADUTHURAI - 28,Lost,Tamil Nadu
DHAKSHINAMOORTHY M,Independent,535,MAYILADUTHURAI - 28,Lost,Tamil Nadu
NOTA,None of the Above,8695,MAYILADUTHURAI - 28,Lost,Tamil Nadu
SELVARAJ V,Communist Party of India,465044,NAGAPATTINAM - 29,Won,Tamil Nadu
DR SURSITH SANKAR G,All India Anna Dravida Munnetra Kazhagam,256087,NAGAPATTINAM - 29,Lost,Tamil Nadu
KARTHIKA M,Naam Tamilar Katchi,131294,NAGAPATTINAM - 29,Lost,Tamil Nadu
RAMESHGOVIND S G M,Bharatiya Janata Party,102173,NAGAPATTINAM - 29,Lost,Tamil Nadu
VIJAYARAGAVAN N,Independent,3102,NAGAPATTINAM - 29,Lost,Tamil Nadu
SUBRAMANIAN K,Independent,2467,NAGAPATTINAM - 29,Lost,Tamil Nadu
JAGADEESH J BE,Bahujan Samaj Party,1806,NAGAPATTINAM - 29,Lost,Tamil Nadu
PREM S,Independent,1070,NAGAPATTINAM - 29,Lost,Tamil Nadu
BOOMINATHAN B,Desiya Makkal Sakthi Katchi,1050,NAGAPATTINAM - 29,Lost,Tamil Nadu
NOTA,None of the Above,8918,NAGAPATTINAM - 29,Lost,Tamil Nadu
MATHESWARAN V S,Dravida Munnetra Kazhagam,462036,NAMAKKAL - 16,Won,Tamil Nadu
TAMILMANI S,All India Anna Dravida Munnetra Kazhagam,432924,NAMAKKAL - 16,Lost,Tamil Nadu
DR RAMALINGAM K P,Bharatiya Janata Party,104690,NAMAKKAL - 16,Lost,Tamil Nadu
KANIMOZHI G,Naam Tamilar Katchi,95577,NAMAKKAL - 16,Lost,Tamil Nadu
DEEPAN CHAKKRAVARTHI S,Independent,3579,NAMAKKAL - 16,Lost,Tamil Nadu
RAJENDRAN C,Viduthalai Kalam Katchi,2599,NAMAKKAL - 16,Lost,Tamil Nadu
NATARAJAN M,Independent,2588,NAMAKKAL - 16,Lost,Tamil Nadu
RAMESH T,Ahimsa Socialist Party,2421,NAMAKKAL - 16,Lost,Tamil Nadu
EZHIL SELVAN P,Tamilaga Makkal Thannurimai Katchi,2165,NAMAKKAL - 16,Lost,Tamil Nadu
RAMAN V,Bahujan Samaj Party,2157,NAMAKKAL - 16,Lost,Tamil Nadu
UTHAYAKUMAR P,Independent,1901,NAMAKKAL - 16,Lost,Tamil Nadu
KANDASAMY A M,Independent,1514,NAMAKKAL - 16,Lost,Tamil Nadu
RAMASAMY P,Independent,1350,NAMAKKAL - 16,Lost,Tamil Nadu
KARTHI S,Independent,1334,NAMAKKAL - 16,Lost,Tamil Nadu
RAMESH T R,Independent,1325,NAMAKKAL - 16,Lost,Tamil Nadu
SATHEESH G,Independent,1292,NAMAKKAL - 16,Lost,Tamil Nadu
RAMASAMY N,Independent,1250,NAMAKKAL - 16,Lost,Tamil Nadu
MADHESWARAN V,Independent,1147,NAMAKKAL - 16,Lost,Tamil Nadu
DR GURUNATHAN S,Independent,1071,NAMAKKAL - 16,Lost,Tamil Nadu
KARTHIKEYAN S,Independent,920,NAMAKKAL - 16,Lost,Tamil Nadu
NALLATHAMBI P,Independent,770,NAMAKKAL - 16,Lost,Tamil Nadu
EASWARAMOORTHY M,Independent,768,NAMAKKAL - 16,Lost,Tamil Nadu
BALAJICHEZHIAN P,Independent,719,NAMAKKAL - 16,Lost,Tamil Nadu
RAVIKUMAR P,Ganasangam Party of India,637,NAMAKKAL - 16,Lost,Tamil Nadu
NAVEEN K,Independent,635,NAMAKKAL - 16,Lost,Tamil Nadu
DURAIRAJ C,Independent,592,NAMAKKAL - 16,Lost,Tamil Nadu
ARULMANI M,Independent,568,NAMAKKAL - 16,Lost,Tamil Nadu
THIYAGARAJAN R,Samaniya Makkal Nala Katchi,528,NAMAKKAL - 16,Lost,Tamil Nadu
VENNILA S,Independent,528,NAMAKKAL - 16,Lost,Tamil Nadu
KALIANNAN S,Independent,497,NAMAKKAL - 16,Lost,Tamil Nadu
KANDASAMY P,Independent,480,NAMAKKAL - 16,Lost,Tamil Nadu
MANIKKAM S,Ulzaipali Makkal Katchy,442,NAMAKKAL - 16,Lost,Tamil Nadu
MOORTHI J,Independent,389,NAMAKKAL - 16,Lost,Tamil Nadu
TAMILMANI A,Independent,354,NAMAKKAL - 16,Lost,Tamil Nadu
SELVARAJ K R,Independent,303,NAMAKKAL - 16,Lost,Tamil Nadu
SAKTHIVEL S,Independent,299,NAMAKKAL - 16,Lost,Tamil Nadu
NETAJIKAVIARASU V,Independent,288,NAMAKKAL - 16,Lost,Tamil Nadu
SIVAKUMAR V,Independent,246,NAMAKKAL - 16,Lost,Tamil Nadu
MOORTHY V,Independent,222,NAMAKKAL - 16,Lost,Tamil Nadu
GOPAL P,Independent,214,NAMAKKAL - 16,Lost,Tamil Nadu
NOTA,None of the Above,12984,NAMAKKAL - 16,Lost,Tamil Nadu
RAJA A,Dravida Munnetra Kazhagam,473212,NILGIRIS - 19,Won,Tamil Nadu
DR MURUGAN L,Bharatiya Janata Party,232627,NILGIRIS - 19,Lost,Tamil Nadu
LOGESH TAMILSELVAN D,All India Anna Dravida Munnetra Kazhagam,220230,NILGIRIS - 19,Lost,Tamil Nadu
JAYAKUMAR A,Naam Tamilar Katchi,58821,NILGIRIS - 19,Lost,Tamil Nadu
VIJAYAKUMAR D,Independent,4808,NILGIRIS - 19,Lost,Tamil Nadu
GANESHAMOORTHI A,Bahujan Samaj Party,3033,NILGIRIS - 19,Lost,Tamil Nadu
BADRAN M,Ganasangam Party of India,2425,NILGIRIS - 19,Lost,Tamil Nadu
SELVAN N,Independent,2054,NILGIRIS - 19,Lost,Tamil Nadu
DHANABAL R,Independent,1928,NILGIRIS - 19,Lost,Tamil Nadu
JAYANTHI M,Ambedkarite Party of India,1556,NILGIRIS - 19,Lost,Tamil Nadu
MURUGAN Y,Independent,1413,NILGIRIS - 19,Lost,Tamil Nadu
MURUGESAN,Independent,1059,NILGIRIS - 19,Lost,Tamil Nadu
MALARMANNAN M,Samaniya Makkal Nala Katchi,820,NILGIRIS - 19,Lost,Tamil Nadu
SATHISH M,Independent,740,NILGIRIS - 19,Lost,Tamil Nadu
KRISHNA KUMAR,Independent,615,NILGIRIS - 19,Lost,Tamil Nadu
ANBHUGURU V,Independent,565,NILGIRIS - 19,Lost,Tamil Nadu
NOTA,None of the Above,13000,NILGIRIS - 19,Lost,Tamil Nadu
ARUN NEHRU,Dravida Munnetra Kazhagam,603209,PERAMBALUR - 25,Won,Tamil Nadu
CHANDRAMOHAN N D,All India Anna Dravida Munnetra Kazhagam,214102,PERAMBALUR - 25,Lost,Tamil Nadu
PAARIVENDHAR T R,Bharatiya Janata Party,161866,PERAMBALUR - 25,Lost,Tamil Nadu
THENMOZHI R,Naam Tamilar Katchi,113092,PERAMBALUR - 25,Lost,Tamil Nadu
MANI S,Independent,3951,PERAMBALUR - 25,Lost,Tamil Nadu
MADHU R,Independent,3508,PERAMBALUR - 25,Lost,Tamil Nadu
RENGARAJ S,Independent,3273,PERAMBALUR - 25,Lost,Tamil Nadu
ELANGOVAN R,Bahujan Samaj Party,3059,PERAMBALUR - 25,Lost,Tamil Nadu
VASUDEVAN A,Independent,1362,PERAMBALUR - 25,Lost,Tamil Nadu
ARUN NEHRU,Independent,1299,PERAMBALUR - 25,Lost,Tamil Nadu
LAKSHMANAN,Independent,1087,PERAMBALUR - 25,Lost,Tamil Nadu
PARY T,Independent,1081,PERAMBALUR - 25,Lost,Tamil Nadu
ANANDARAJU R,Independent,1015,PERAMBALUR - 25,Lost,Tamil Nadu
JAYAKUMAR K,Samaniya Makkal Nala Katchi,1006,PERAMBALUR - 25,Lost,Tamil Nadu
TAMILSELVAN M,Independent,878,PERAMBALUR - 25,Lost,Tamil Nadu
THANGAMANI K,Independent,873,PERAMBALUR - 25,Lost,Tamil Nadu
P K AMMAN G SIVAKUMAR,Independent,755,PERAMBALUR - 25,Lost,Tamil Nadu
EBINESAN M,Independent,748,PERAMBALUR - 25,Lost,Tamil Nadu
MURUGANANTHAM T,Independent,733,PERAMBALUR - 25,Lost,Tamil Nadu
SUDHAKAR S,Independent,555,PERAMBALUR - 25,Lost,Tamil Nadu
SAMBATH D,Independent,532,PERAMBALUR - 25,Lost,Tamil Nadu
MUTHUKUMAR,Independent,469,PERAMBALUR - 25,Lost,Tamil Nadu
VEERAMALAI K,Independent,451,PERAMBALUR - 25,Lost,Tamil Nadu
NOTA,None of the Above,10322,PERAMBALUR - 25,Lost,Tamil Nadu
ESWARASAMY K,Dravida Munnetra Kazhagam,533377,POLLACHI - 21,Won,Tamil Nadu
KARTHIKEYAN A,All India Anna Dravida Munnetra Kazhagam,281335,POLLACHI - 21,Lost,Tamil Nadu
VASANTHARAJAN K,Bharatiya Janata Party,223354,POLLACHI - 21,Lost,Tamil Nadu
SURESHKUMAR N,Naam Tamilar Katchi,58196,POLLACHI - 21,Lost,Tamil Nadu
PRAKASH P,Independent,2851,POLLACHI - 21,Lost,Tamil Nadu
BENJAMINKIRUBAKARAN J,Bahujan Samaj Party,2284,POLLACHI - 21,Lost,Tamil Nadu
VASANTHAKUMAR T,Independent,2190,POLLACHI - 21,Lost,Tamil Nadu
RAMASAMY K,Independent,1825,POLLACHI - 21,Lost,Tamil Nadu
ESWARASAMY K,Independent,1790,POLLACHI - 21,Lost,Tamil Nadu
GOPALAKRISHNAN M,New Generation Peopleâ€™s Party,1133,POLLACHI - 21,Lost,Tamil Nadu
KALIMUTHU S,Independent,981,POLLACHI - 21,Lost,Tamil Nadu
KARTHIKEYAN D,Independent,619,POLLACHI - 21,Lost,Tamil Nadu
NOOR MUHAMAD A,Independent,605,POLLACHI - 21,Lost,Tamil Nadu
KARTHIKEYAN P,Independent,567,POLLACHI - 21,Lost,Tamil Nadu
KARTHIKEYAN D,Independent,435,POLLACHI - 21,Lost,Tamil Nadu
NOTA,None of the Above,14503,POLLACHI - 21,Lost,Tamil Nadu
NAVASKANI K,Indian Union Muslim League,509664,RAMANATHAPURAM - 35,Won,Tamil Nadu
PANNEERSELVAM O S/O OTTAKARATHEVAR,Independent,342882,RAMANATHAPURAM - 35,Lost,Tamil Nadu
JEYAPERUMAL P,All India Anna Dravida Munnetra Kazhagam,99780,RAMANATHAPURAM - 35,Lost,Tamil Nadu
DR CHANDRA PRABHA JEYAPAL,Naam Tamilar Katchi,97672,RAMANATHAPURAM - 35,Lost,Tamil Nadu
MUVITH KUMAR N,Independent,7919,RAMANATHAPURAM - 35,Lost,Tamil Nadu
SENTHILMALLAR K,Independent,6827,RAMANATHAPURAM - 35,Lost,Tamil Nadu
SIVASHANKAR N,Independent,6593,RAMANATHAPURAM - 35,Lost,Tamil Nadu
KANNADHASAN R,Independent,3502,RAMANATHAPURAM - 35,Lost,Tamil Nadu
PANNEERSELVAM O S/O OCHAPPAN,Independent,2981,RAMANATHAPURAM - 35,Lost,Tamil Nadu
SELVARAJ G,Puthiya Makkal Tamil Desam Katchi,2957,RAMANATHAPURAM - 35,Lost,Tamil Nadu
PANCHAVARNAM V,Independent,2572,RAMANATHAPURAM - 35,Lost,Tamil Nadu
PARIRAJAN C,Veerath Thiyagi Viswanathadoss Thozhilalarkal Katchi,2497,RAMANATHAPURAM - 35,Lost,Tamil Nadu
PANNIR SELVAM M  S/O MALAIYANDI,Independent,2402,RAMANATHAPURAM - 35,Lost,Tamil Nadu
NAWASKHAN,Independent,2323,RAMANATHAPURAM - 35,Lost,Tamil Nadu
SIVANANDAM N,Bahujan Samaj Party,2014,RAMANATHAPURAM - 35,Lost,Tamil Nadu
PANNEERSELVAM O  S/O  OYYADEVAR,Independent,1929,RAMANATHAPURAM - 35,Lost,Tamil Nadu
ABUBAKKAR SITHICK J,Desiya Makkal Sakthi Katchi,1518,RAMANATHAPURAM - 35,Lost,Tamil Nadu
MANIVASAGAM S,Bahujan Dravida Party,1403,RAMANATHAPURAM - 35,Lost,Tamil Nadu
PANNEERSELVAM O S/O  OYYARAM,Independent,1376,RAMANATHAPURAM - 35,Lost,Tamil Nadu
SALEEM,Independent,974,RAMANATHAPURAM - 35,Lost,Tamil Nadu
SASIKANI K,Independent,899,RAMANATHAPURAM - 35,Lost,Tamil Nadu
SATHURAGIRI K,Independent,827,RAMANATHAPURAM - 35,Lost,Tamil Nadu
SIKKANDAR B,Independent,823,RAMANATHAPURAM - 35,Lost,Tamil Nadu
VIGNESH V,Independent,652,RAMANATHAPURAM - 35,Lost,Tamil Nadu
PANNERSELVAM O  S/O  OCHATTHEVAR,Independent,572,RAMANATHAPURAM - 35,Lost,Tamil Nadu
NOTA,None of the Above,6295,RAMANATHAPURAM - 35,Lost,Tamil Nadu
SELVAGANAPATHI T M,Dravida Munnetra Kazhagam,566085,SALEM - 15,Won,Tamil Nadu
VIGNESH P,All India Anna Dravida Munnetra Kazhagam,495728,SALEM - 15,Lost,Tamil Nadu
ANNADURAI N,Pattali Makkal Katchi,127139,SALEM - 15,Lost,Tamil Nadu
DR MANOJKUMAR G,Naam Tamilar Katchi,76207,SALEM - 15,Lost,Tamil Nadu
BHALAJI M,Independent,3441,SALEM - 15,Lost,Tamil Nadu
MURALI S,Bahujan Samaj Party,3372,SALEM - 15,Lost,Tamil Nadu
PALANIVEL K,Independent,2856,SALEM - 15,Lost,Tamil Nadu
JEGANNATHAN A,Independent,2411,SALEM - 15,Lost,Tamil Nadu
RAJA S,Independent,1456,SALEM - 15,Lost,Tamil Nadu
MUTHUSAMY S,Independent,1197,SALEM - 15,Lost,Tamil Nadu
ER PRABAKARAN S,Independent,1155,SALEM - 15,Lost,Tamil Nadu
SHANMUGAM G,Independent,1147,SALEM - 15,Lost,Tamil Nadu
SANTHALINGAM C,Independent,1098,SALEM - 15,Lost,Tamil Nadu
SUTHARSANAM S,Aravor Munnetra Kazhagam,1036,SALEM - 15,Lost,Tamil Nadu
AMBEDKAR C,Ambedkarite Party of India,961,SALEM - 15,Lost,Tamil Nadu
RAMACHANDRAN C,Dhesiya Makkal Kazhagam,758,SALEM - 15,Lost,Tamil Nadu
GOVINDHAN A,Independent,693,SALEM - 15,Lost,Tamil Nadu
MANICKAM R,Ulzaipali Makkal Katchy,537,SALEM - 15,Lost,Tamil Nadu
AHAMED SHAHJAHAN M,Independent,466,SALEM - 15,Lost,Tamil Nadu
INTHRAJITHKUPTHA G,Independent,432,SALEM - 15,Lost,Tamil Nadu
RAMASUNDARAM D,Independent,422,SALEM - 15,Lost,Tamil Nadu
KARUNAKARAN M,Independent,377,SALEM - 15,Lost,Tamil Nadu
RAJA A,Independent,332,SALEM - 15,Lost,Tamil Nadu
VIGNESH M,Independent,328,SALEM - 15,Lost,Tamil Nadu
JOTHILINGAM M,Independent,316,SALEM - 15,Lost,Tamil Nadu
NOTA,None of the Above,14894,SALEM - 15,Lost,Tamil Nadu
KARTI P CHIDAMBARAM,Indian National Congress,427677,SIVAGANGA - 31,Won,Tamil Nadu
XAVIERDASS A,All India Anna Dravida Munnetra Kazhagam,222013,SIVAGANGA - 31,Lost,Tamil Nadu
DHEVANATHAN YADAV T,Bharatiya Janata Party,195788,SIVAGANGA - 31,Lost,Tamil Nadu
EZHILARASI,Naam Tamilar Katchi,163412,SIVAGANGA - 31,Lost,Tamil Nadu
DHANALAKSHMI M,Independent,8512,SIVAGANGA - 31,Lost,Tamil Nadu
GOVINDHARAJU M.G,Independent,4241,SIVAGANGA - 31,Lost,Tamil Nadu
NAGARAJAN  KR,Independent,3696,SIVAGANGA - 31,Lost,Tamil Nadu
PALANIYAPPAN  R,Independent,3427,SIVAGANGA - 31,Lost,Tamil Nadu
RANJITHKUMAR BALUSWAMY,Bahujan Samaj Party,3171,SIVAGANGA - 31,Lost,Tamil Nadu
BASKARAN S,Independent,2194,SIVAGANGA - 31,Lost,Tamil Nadu
KALAISELVAM K,Independent,1663,SIVAGANGA - 31,Lost,Tamil Nadu
MALAISAMY K,Independent,1527,SIVAGANGA - 31,Lost,Tamil Nadu
SEKAR  A,Independent,1292,SIVAGANGA - 31,Lost,Tamil Nadu
SELVARAJ P,Independent,1111,SIVAGANGA - 31,Lost,Tamil Nadu
THILLAIVASAGAM   M,Vidiyalai Thedum Indhiyargal Party,1073,SIVAGANGA - 31,Lost,Tamil Nadu
ASHOK KUMAR K,Independent,1034,SIVAGANGA - 31,Lost,Tamil Nadu
KARTHICK  C,Independent,981,SIVAGANGA - 31,Lost,Tamil Nadu
MUTHARASU PANDIYAN  V,Independent,828,SIVAGANGA - 31,Lost,Tamil Nadu
KALAIRAJA  B,Independent,819,SIVAGANGA - 31,Lost,Tamil Nadu
KARTHIKAIRAJAN  P,Independent,771,SIVAGANGA - 31,Lost,Tamil Nadu
NOTA,None of the Above,8189,SIVAGANGA - 31,Lost,Tamil Nadu
T R BAALU,Dravida Munnetra Kazhagam,758611,SRIPERUMBUDUR - 5,Won,Tamil Nadu
G PREMKUMAR,All India Anna Dravida Munnetra Kazhagam,271582,SRIPERUMBUDUR - 5,Lost,Tamil Nadu
V N VENUGOPAL,Tamil Maanila Congress  (Moopanar),210110,SRIPERUMBUDUR - 5,Lost,Tamil Nadu
V RAVICHANDRAN,Naam Tamilar Katchi,140233,SRIPERUMBUDUR - 5,Lost,Tamil Nadu
K PRABAKARAN,Bahujan Samaj Party,8189,SRIPERUMBUDUR - 5,Lost,Tamil Nadu
M S ARUMUGAM,Independent,3699,SRIPERUMBUDUR - 5,Lost,Tamil Nadu
V SUDHAVALLI,Aravor Munnetra Kazhagam,3694,SRIPERUMBUDUR - 5,Lost,Tamil Nadu
S AMBETHKUMAR,Mahathma Makkal Munnetra Kazhakam,2220,SRIPERUMBUDUR - 5,Lost,Tamil Nadu
M ASHOK KUMAR,Independent,1704,SRIPERUMBUDUR - 5,Lost,Tamil Nadu
S SIVAKUMAR,Veerath Thiyagi Viswanathadoss Thozhilalarkal Katchi,1352,SRIPERUMBUDUR - 5,Lost,Tamil Nadu
AYODHI LAKSHMANAN,Independent,1259,SRIPERUMBUDUR - 5,Lost,Tamil Nadu
S CHITTIBABU,Naadaalum Makkal Katchi,1241,SRIPERUMBUDUR - 5,Lost,Tamil Nadu
C ARAVIND,Desiya Makkal Sakthi Katchi,970,SRIPERUMBUDUR - 5,Lost,Tamil Nadu
GOPI DEEPAK,Independent,883,SRIPERUMBUDUR - 5,Lost,Tamil Nadu
KARTHIK KUMAR P C,Independent,867,SRIPERUMBUDUR - 5,Lost,Tamil Nadu
J MOHANRAJ,Jebamani Janata,822,SRIPERUMBUDUR - 5,Lost,Tamil Nadu
DR S PRAVEEN,Independent,799,SRIPERUMBUDUR - 5,Lost,Tamil Nadu
I MOHAMED YASEEN,Thakkam Katchi,669,SRIPERUMBUDUR - 5,Lost,Tamil Nadu
K PALANIYAPPAN,Tamizhaga Murpokku Makkal Katchi,617,SRIPERUMBUDUR - 5,Lost,Tamil Nadu
S PRABHU,Independent,514,SRIPERUMBUDUR - 5,Lost,Tamil Nadu
P BASKARAN,Independent,494,SRIPERUMBUDUR - 5,Lost,Tamil Nadu
P HARIDAS,Independent,460,SRIPERUMBUDUR - 5,Lost,Tamil Nadu
C A JAYARAMAN,Independent,447,SRIPERUMBUDUR - 5,Lost,Tamil Nadu
G RAMKUMAR,Independent,426,SRIPERUMBUDUR - 5,Lost,Tamil Nadu
N MANIKKAM,Independent,403,SRIPERUMBUDUR - 5,Lost,Tamil Nadu
M PREMKUMAR,Independent,394,SRIPERUMBUDUR - 5,Lost,Tamil Nadu
S MUNIKUMAR,Samaniya Makkal Nala Katchi,394,SRIPERUMBUDUR - 5,Lost,Tamil Nadu
A JINNA MOHAMMED,Independent,388,SRIPERUMBUDUR - 5,Lost,Tamil Nadu
M SARAVANAN,Independent,385,SRIPERUMBUDUR - 5,Lost,Tamil Nadu
S SIVARAMAN,Independent,343,SRIPERUMBUDUR - 5,Lost,Tamil Nadu
C PREMKUMAR,Independent,316,SRIPERUMBUDUR - 5,Lost,Tamil Nadu
NOTA,None of the Above,26450,SRIPERUMBUDUR - 5,Lost,Tamil Nadu
DR RANI SRI KUMAR,Dravida Munnetra Kazhagam,425679,TENKASI - 37,Won,Tamil Nadu
DR K KRISHNASAMY,All India Anna Dravida Munnetra Kazhagam,229480,TENKASI - 37,Lost,Tamil Nadu
B JOHN PANDIAN,Bharatiya Janata Party,208825,TENKASI - 37,Lost,Tamil Nadu
ESAI MATHIVANAN,Naam Tamilar Katchi,130335,TENKASI - 37,Lost,Tamil Nadu
KARPAGAVALLI P,Independent,6314,TENKASI - 37,Lost,Tamil Nadu
T MAHESHKUMAR,Bahujan Samaj Party,3554,TENKASI - 37,Lost,Tamil Nadu
RAMASAMY P,Viro Ke Vir Indian Party,3412,TENKASI - 37,Lost,Tamil Nadu
M MANMATHAN,Independent,3278,TENKASI - 37,Lost,Tamil Nadu
A SEETHA,Bahujan Dravida Party,2476,TENKASI - 37,Lost,Tamil Nadu
KRISHNASAMY,Independent,1833,TENKASI - 37,Lost,Tamil Nadu
M UMAMAHESWARI,Desiya Makkal Sakthi Katchi,1655,TENKASI - 37,Lost,Tamil Nadu
A MUTHAIAH,Independent,1457,TENKASI - 37,Lost,Tamil Nadu
P KRISHNASAMY,Independent,1350,TENKASI - 37,Lost,Tamil Nadu
ARUMUGASWAMI M,Independent,1313,TENKASI - 37,Lost,Tamil Nadu
RAJA SEKAR,Independent,993,TENKASI - 37,Lost,Tamil Nadu
NOTA,None of the Above,17165,TENKASI - 37,Lost,Tamil Nadu
MURASOLI S,Dravida Munnetra Kazhagam,502245,THANJAVUR - 30,Won,Tamil Nadu
SIVANESAN P,Desiya Murpokku Dravida Kazhagam,182662,THANJAVUR - 30,Lost,Tamil Nadu
MURUGANANTHAM M,Bharatiya Janata Party,170613,THANJAVUR - 30,Lost,Tamil Nadu
HUMAYUN KABIR,Naam Tamilar Katchi,120293,THANJAVUR - 30,Lost,Tamil Nadu
RENGASAMY C,Independent,18191,THANJAVUR - 30,Lost,Tamil Nadu
SARAVANAN M,Independent,6795,THANJAVUR - 30,Lost,Tamil Nadu
SENTHIL KUMAR N,Independent,4158,THANJAVUR - 30,Lost,Tamil Nadu
EZHILARASAN S,Independent,3851,THANJAVUR - 30,Lost,Tamil Nadu
JAYABAL A,Bahujan Samaj Party,2410,THANJAVUR - 30,Lost,Tamil Nadu
SANTHOSH M,Independent,1992,THANJAVUR - 30,Lost,Tamil Nadu
ER ARJUN S,Independent,1446,THANJAVUR - 30,Lost,Tamil Nadu
KARIKALA CHOLAN S,Independent,1217,THANJAVUR - 30,Lost,Tamil Nadu
NOTA,None of the Above,12833,THANJAVUR - 30,Lost,Tamil Nadu
THANGA TAMILSELVAN,Dravida Munnetra Kazhagam,571493,THENI - 33,Won,Tamil Nadu
TTV DHINAKARAN,Amma Makkal Munnettra Kazagam,292668,THENI - 33,Lost,Tamil Nadu
NARAYANASAMY V T,All India Anna Dravida Munnetra Kazhagam,155587,THENI - 33,Lost,Tamil Nadu
MADHAN,Naam Tamilar Katchi,76834,THENI - 33,Lost,Tamil Nadu
PRAKASH P,Independent,6298,THENI - 33,Lost,Tamil Nadu
PANDIKUMAR S,Independent,3967,THENI - 33,Lost,Tamil Nadu
AJEETHKUMAR S,Independent,3006,THENI - 33,Lost,Tamil Nadu
PARAMASIVAN S,Independent,2866,THENI - 33,Lost,Tamil Nadu
PARTHIBAN G,Independent,2277,THENI - 33,Lost,Tamil Nadu
JEEVA M,Bahujan Samaj Party,2222,THENI - 33,Lost,Tamil Nadu
CHARCHIL DURAI P,Humanity for Peace Party,1935,THENI - 33,Lost,Tamil Nadu
PREMA S,Independent,1232,THENI - 33,Lost,Tamil Nadu
MANIKANDAN R,Independent,1201,THENI - 33,Lost,Tamil Nadu
REVATHI K,Independent,1128,THENI - 33,Lost,Tamil Nadu
MUDIYARASU,All India Youth Development Party,1094,THENI - 33,Lost,Tamil Nadu
THIAGARAJAN O V,Independent,932,THENI - 33,Lost,Tamil Nadu
VASANTHA SARAVANAN,Independent,805,THENI - 33,Lost,Tamil Nadu
VIJAYAN K,Independent,667,THENI - 33,Lost,Tamil Nadu
SETHUPATHI G,Independent,617,THENI - 33,Lost,Tamil Nadu
JOHNGILBERTRAJ,Independent,603,THENI - 33,Lost,Tamil Nadu
AATHIMUTHUKUMAR M,Independent,592,THENI - 33,Lost,Tamil Nadu
MUTHUKUMAR,Independent,543,THENI - 33,Lost,Tamil Nadu
HARIKRISHNAKUMAR R,Independent,486,THENI - 33,Lost,Tamil Nadu
SATHEESH KUMAR A,Independent,453,THENI - 33,Lost,Tamil Nadu
KUMAR,Independent,377,THENI - 33,Lost,Tamil Nadu
NOTA,None of the Above,11336,THENI - 33,Lost,Tamil Nadu
KANIMOZHI KARUNANIDHI,Dravida Munnetra Kazhagam,540729,THOOTHUKKUDI - 36,Won,Tamil Nadu
SIVASAMY VELUMANI R,All India Anna Dravida Munnetra Kazhagam,147991,THOOTHUKKUDI - 36,Lost,Tamil Nadu
VIJAYASEELAN SDR,Tamil Maanila Congress  (Moopanar),122380,THOOTHUKKUDI - 36,Lost,Tamil Nadu
ROWENA RUTH JANE J,Naam Tamilar Katchi,120300,THOOTHUKKUDI - 36,Lost,Tamil Nadu
RAJHA N P,Naam Indiar Party,6640,THOOTHUKKUDI - 36,Lost,Tamil Nadu
ARUNADEVI R,Independent,6072,THOOTHUKKUDI - 36,Lost,Tamil Nadu
CHITHIRAI JEGAN S,Independent,3640,THOOTHUKKUDI - 36,Lost,Tamil Nadu
SIVANESWARAN J,Independent,3376,THOOTHUKKUDI - 36,Lost,Tamil Nadu
SAMUEL T,Independent,2245,THOOTHUKKUDI - 36,Lost,Tamil Nadu
MANIKKARAJ A,Bahujan Samaj Party,2195,THOOTHUKKUDI - 36,Lost,Tamil Nadu
AASIRIYAR SHANMUGA SUNDARAM K,Independent,1839,THOOTHUKKUDI - 36,Lost,Tamil Nadu
KALEERMURUGAPAVENTHAN R,Makkal Nalvaazhvuk Katchi,1792,THOOTHUKKUDI - 36,Lost,Tamil Nadu
PONKUMARAN T P S,Independent,897,THOOTHUKKUDI - 36,Lost,Tamil Nadu
JEYAKUMAR C,Independent,829,THOOTHUKKUDI - 36,Lost,Tamil Nadu
GANDHIMALLAR S M,Independent,805,THOOTHUKKUDI - 36,Lost,Tamil Nadu
BISHOP DR GODFREY NOBLE,Aanaithinthiya Jananayaka Pathukappu Kazhagam,769,THOOTHUKKUDI - 36,Lost,Tamil Nadu
PERUMALKUMAR P,Puthiya Makkal Tamil Desam Katchi,739,THOOTHUKKUDI - 36,Lost,Tamil Nadu
ESAKKIMUTHU V,Independent,710,THOOTHUKKUDI - 36,Lost,Tamil Nadu
KANNAN G,Independent,689,THOOTHUKKUDI - 36,Lost,Tamil Nadu
DAVID JEBASEELAN J,Independent,663,THOOTHUKKUDI - 36,Lost,Tamil Nadu
SUDALAIMUTHU P,Independent,578,THOOTHUKKUDI - 36,Lost,Tamil Nadu
KRISHNAN S,Independent,480,THOOTHUKKUDI - 36,Lost,Tamil Nadu
RADHAKRISHNAN V G,Independent,461,THOOTHUKKUDI - 36,Lost,Tamil Nadu
JAMES P,Independent,444,THOOTHUKKUDI - 36,Lost,Tamil Nadu
PONRAJ K,Independent,429,THOOTHUKKUDI - 36,Lost,Tamil Nadu
PRASANNA KUMAR M,Independent,396,THOOTHUKKUDI - 36,Lost,Tamil Nadu
SELVAMUTHUKUMAR M,Independent,341,THOOTHUKKUDI - 36,Lost,Tamil Nadu
SENTHIL KUMAR S,Independent,291,THOOTHUKKUDI - 36,Lost,Tamil Nadu
NOTA,None of the Above,9806,THOOTHUKKUDI - 36,Lost,Tamil Nadu
DURAI VAIKO,Marumalarchi Dravida Munnetra Kazhagam,542213,TIRUCHIRAPPALLI - 24,Won,Tamil Nadu
KARUPPAIAH. P,All India Anna Dravida Munnetra Kazhagam,229119,TIRUCHIRAPPALLI - 24,Lost,Tamil Nadu
RAJESSH. T,Naam Tamilar Katchi,107458,TIRUCHIRAPPALLI - 24,Lost,Tamil Nadu
SENTHILNATHAN. P,Amma Makkal Munnettra Kazagam,100747,TIRUCHIRAPPALLI - 24,Lost,Tamil Nadu
SELVARAJ. S,Independent,14796,TIRUCHIRAPPALLI - 24,Lost,Tamil Nadu
DAMODARAN. S,Independent,5166,TIRUCHIRAPPALLI - 24,Lost,Tamil Nadu
ALLIMUTHU. M,Bahujan Samaj Party,4431,TIRUCHIRAPPALLI - 24,Lost,Tamil Nadu
RAJENDRAN. S,Independent,3499,TIRUCHIRAPPALLI - 24,Lost,Tamil Nadu
JEEVANANTHAM. M,Independent,2952,TIRUCHIRAPPALLI - 24,Lost,Tamil Nadu
SAKTHIVEL,Anna Puratchi Thalaivar Amma Dravida Munnetra Kazhagam,2646,TIRUCHIRAPPALLI - 24,Lost,Tamil Nadu
BACKIYARAJ VELLAISAMY,Naadaalum Makkal Katchi,2283,TIRUCHIRAPPALLI - 24,Lost,Tamil Nadu
KARUPPIAH. S,Independent,2171,TIRUCHIRAPPALLI - 24,Lost,Tamil Nadu
SATHIS KUMAR. S,Independent,2052,TIRUCHIRAPPALLI - 24,Lost,Tamil Nadu
KAVITHA. S,Independent,1736,TIRUCHIRAPPALLI - 24,Lost,Tamil Nadu
NAGARAJAN. M,Independent,1664,TIRUCHIRAPPALLI - 24,Lost,Tamil Nadu
GOVINDARASU. P,Independent,1566,TIRUCHIRAPPALLI - 24,Lost,Tamil Nadu
ANBIN AMUDHAN. R,Independent,1498,TIRUCHIRAPPALLI - 24,Lost,Tamil Nadu
DURAIRAJ. A,Independent,1463,TIRUCHIRAPPALLI - 24,Lost,Tamil Nadu
SASIKUMAR. P,Independent,1352,TIRUCHIRAPPALLI - 24,Lost,Tamil Nadu
PANNEERSELVAM. P,Independent,1263,TIRUCHIRAPPALLI - 24,Lost,Tamil Nadu
DURAI. S,Independent,1202,TIRUCHIRAPPALLI - 24,Lost,Tamil Nadu
ANAND SELVARAJ,Independent,1178,TIRUCHIRAPPALLI - 24,Lost,Tamil Nadu
SANKAR. R,Independent,1166,TIRUCHIRAPPALLI - 24,Lost,Tamil Nadu
AMBIVENKATESAN,Independent,978,TIRUCHIRAPPALLI - 24,Lost,Tamil Nadu
DURAI. T,Independent,880,TIRUCHIRAPPALLI - 24,Lost,Tamil Nadu
SATHYAMURTHY. T,Independent,834,TIRUCHIRAPPALLI - 24,Lost,Tamil Nadu
VIJAYAKUMAR. P,Independent,802,TIRUCHIRAPPALLI - 24,Lost,Tamil Nadu
ROJA RAMANI. S,Anna MGR Dravida Makkal Kalgam,777,TIRUCHIRAPPALLI - 24,Lost,Tamil Nadu
PERIYASAMY. V,Independent,774,TIRUCHIRAPPALLI - 24,Lost,Tamil Nadu
AKILA. M,Independent,747,TIRUCHIRAPPALLI - 24,Lost,Tamil Nadu
RAJENDRAN. P,Independent,675,TIRUCHIRAPPALLI - 24,Lost,Tamil Nadu
MANIKANDARAJ. S,Independent,608,TIRUCHIRAPPALLI - 24,Lost,Tamil Nadu
MURUGESAN. P,Independent,497,TIRUCHIRAPPALLI - 24,Lost,Tamil Nadu
JOSEPH. L,Samaniya Makkal Nala Katchi,491,TIRUCHIRAPPALLI - 24,Lost,Tamil Nadu
MUTHURAJA. T,Independent,431,TIRUCHIRAPPALLI - 24,Lost,Tamil Nadu
NOTA,None of the Above,13849,TIRUCHIRAPPALLI - 24,Lost,Tamil Nadu
ROBERT BRUCE C,Indian National Congress,502296,TIRUNELVELI - 38,Won,Tamil Nadu
NAINAR NAGENTHRAN,Bharatiya Janata Party,336676,TIRUNELVELI - 38,Lost,Tamil Nadu
JANSI RANI M,All India Anna Dravida Munnetra Kazhagam,89601,TIRUNELVELI - 38,Lost,Tamil Nadu
SATHYA,Naam Tamilar Katchi,87686,TIRUNELVELI - 38,Lost,Tamil Nadu
POTTAL SUNDARA MUNISWARAN,Independent,19852,TIRUNELVELI - 38,Lost,Tamil Nadu
ATHISAYAM V,Independent,3781,TIRUNELVELI - 38,Lost,Tamil Nadu
BALASUBRAMANIAN,Bahujan Samaj Party,2067,TIRUNELVELI - 38,Lost,Tamil Nadu
CHINNA MAHARAJA K,Independent,1895,TIRUNELVELI - 38,Lost,Tamil Nadu
DAVID M,Independent,1836,TIRUNELVELI - 38,Lost,Tamil Nadu
SAMUEL LAWRENCE PONNIAH,Independent,1497,TIRUNELVELI - 38,Lost,Tamil Nadu
BISHOP DR GODFREY WASHINGTON NOBLE,Aanaithinthiya Jananayaka Pathukappu Kazhagam,1475,TIRUNELVELI - 38,Lost,Tamil Nadu
LENIN K,Independent,1450,TIRUNELVELI - 38,Lost,Tamil Nadu
CHANDRAN M,Veerath Thiyagi Viswanathadoss Thozhilalarkal Katchi,1413,TIRUNELVELI - 38,Lost,Tamil Nadu
SELVA KUMAR S,Bahujan Dravida Party,1346,TIRUNELVELI - 38,Lost,Tamil Nadu
KUMAR V,Puthiya Makkal Tamil Desam Katchi,1072,TIRUNELVELI - 38,Lost,Tamil Nadu
MUTHURAMAN A,Aravor Munnetra Kazhagam,1048,TIRUNELVELI - 38,Lost,Tamil Nadu
THALAPATHY MURUGAN M,Independent,917,TIRUNELVELI - 38,Lost,Tamil Nadu
SIVARAM K,Independent,875,TIRUNELVELI - 38,Lost,Tamil Nadu
RAMAKRISHNAN N,Nam India Naam Indiyar Katchi,790,TIRUNELVELI - 38,Lost,Tamil Nadu
SURESH,Independent,788,TIRUNELVELI - 38,Lost,Tamil Nadu
DR RAJENDRA RETNAM K,Independent,689,TIRUNELVELI - 38,Lost,Tamil Nadu
SEVAL KANNAN B ADVOCATE,Independent,636,TIRUNELVELI - 38,Lost,Tamil Nadu
RAGHAVAN C M,Independent,366,TIRUNELVELI - 38,Lost,Tamil Nadu
NOTA,None of the Above,7396,TIRUNELVELI - 38,Lost,Tamil Nadu
"SUBBARAYAN, K.",Communist Party of India,472739,TIRUPPUR - 18,Won,Tamil Nadu
"ARUNACHALAM, P.",All India Anna Dravida Munnetra Kazhagam,346811,TIRUPPUR - 18,Lost,Tamil Nadu
"MURUGANANDAM, A.P.",Bharatiya Janata Party,185322,TIRUPPUR - 18,Lost,Tamil Nadu
"SEETHALAKSHMI, M.K.",Naam Tamilar Katchi,95726,TIRUPPUR - 18,Lost,Tamil Nadu
"VELUSAMY, A.",Independent,7125,TIRUPPUR - 18,Lost,Tamil Nadu
"PALANI, V.",Bahujan Samaj Party,6054,TIRUPPUR - 18,Lost,Tamil Nadu
"SATHISHKUMAR, N.",Independent,2336,TIRUPPUR - 18,Lost,Tamil Nadu
"JANARTHANAM, P.",Tamilaga Makkal Thannurimai Katchi,1868,TIRUPPUR - 18,Lost,Tamil Nadu
"KANNAN, M.",Independent,1765,TIRUPPUR - 18,Lost,Tamil Nadu
"SENGUTTUVAN, M.R.",Independent,1567,TIRUPPUR - 18,Lost,Tamil Nadu
"SUBRAMANI, N.",Independent,1350,TIRUPPUR - 18,Lost,Tamil Nadu
"MALARVIZHI, G.",Rashtriya Samaj Paksha,1325,TIRUPPUR - 18,Lost,Tamil Nadu
"KARTHIKEYAN, P.",Independent,824,TIRUPPUR - 18,Lost,Tamil Nadu
NOTA,None of the Above,17737,TIRUPPUR - 18,Lost,Tamil Nadu
Sasikanth Senthil,Indian National Congress,796956,TIRUVALLUR - 1,Won,Tamil Nadu
"Balaganapathy, V. Pon",Bharatiya Janata Party,224801,TIRUVALLUR - 1,Lost,Tamil Nadu
"Nallathambi, K.",Desiya Murpokku Dravida Kazhagam,223904,TIRUVALLUR - 1,Lost,Tamil Nadu
"Jagadesh Chander, M.",Naam Tamilar Katchi,120838,TIRUVALLUR - 1,Lost,Tamil Nadu
"Tamizhmadhi, D.",Bahujan Samaj Party,13810,TIRUVALLUR - 1,Lost,Tamil Nadu
"Ashok Priyadarshan, S.",Desiya Makkal Sakthi Katchi,2946,TIRUVALLUR - 1,Lost,Tamil Nadu
Malathi,Naadaalum Makkal Katchi,2853,TIRUVALLUR - 1,Lost,Tamil Nadu
"Mani, E.",Independent,2752,TIRUVALLUR - 1,Lost,Tamil Nadu
"Devandhran, M.",Anna MGR Dravida Makkal Kalgam,2008,TIRUVALLUR - 1,Lost,Tamil Nadu
"Manimaran, V.",Independent,1922,TIRUVALLUR - 1,Lost,Tamil Nadu
"Balakrishnan, K.",Independent,1690,TIRUVALLUR - 1,Lost,Tamil Nadu
"Bharathidasan, S.S.",Independent,1631,TIRUVALLUR - 1,Lost,Tamil Nadu
"Shakthivel, A.J.",Independent,1613,TIRUVALLUR - 1,Lost,Tamil Nadu
"Sivasankaran, V.",Independent,1110,TIRUVALLUR - 1,Lost,Tamil Nadu
NOTA,None of the Above,18978,TIRUVALLUR - 1,Lost,Tamil Nadu
"ANNADURAI, C.N.",Dravida Munnetra Kazhagam,547379,TIRUVANNAMALAI - 11,Won,Tamil Nadu
KALIYAPERUMAL M,All India Anna Dravida Munnetra Kazhagam,313448,TIRUVANNAMALAI - 11,Lost,Tamil Nadu
"ASUVATHAMAN, A.",Bharatiya Janata Party,156650,TIRUVANNAMALAI - 11,Lost,Tamil Nadu
"RAMESHBABU,  R.",Naam Tamilar Katchi,83869,TIRUVANNAMALAI - 11,Lost,Tamil Nadu
"KALIAPERUMAL, M.",Independent,5713,TIRUVANNAMALAI - 11,Lost,Tamil Nadu
"BENNYRAJAN, C.J.",Bharatiya Praja Aikyata Party,4810,TIRUVANNAMALAI - 11,Lost,Tamil Nadu
"KALIYAPERUMAL, A.",Independent,3407,TIRUVANNAMALAI - 11,Lost,Tamil Nadu
"MOHANRAJA,  V.M.",Bahujan Samaj Party,2637,TIRUVANNAMALAI - 11,Lost,Tamil Nadu
CAPTAIN GOWTHAM,Independent,1842,TIRUVANNAMALAI - 11,Lost,Tamil Nadu
"UDHAYAKUMAR, P.S.",Independent,1251,TIRUVANNAMALAI - 11,Lost,Tamil Nadu
"ANNADURAI, S.",Independent,1172,TIRUVANNAMALAI - 11,Lost,Tamil Nadu
"KOTHANDABANI, B.",Independent,965,TIRUVANNAMALAI - 11,Lost,Tamil Nadu
"SELVAM , K.",Veerath Thiyagi Viswanathadoss Thozhilalarkal Katchi,954,TIRUVANNAMALAI - 11,Lost,Tamil Nadu
"KALASTHIRI,  S.",All India Uzhavargal Uzhaippalargal Katchi,950,TIRUVANNAMALAI - 11,Lost,Tamil Nadu
"VIJAYAKUMAR,  S.",Independent,934,TIRUVANNAMALAI - 11,Lost,Tamil Nadu
"JAGANNATHAN,  R.",Independent,864,TIRUVANNAMALAI - 11,Lost,Tamil Nadu
"SENTHAMIL SELVAN,  M.",Independent,856,TIRUVANNAMALAI - 11,Lost,Tamil Nadu
"AGNI SELVARASU, J.",Naadaalum Makkal Katchi,777,TIRUVANNAMALAI - 11,Lost,Tamil Nadu
"SATHIYAMOORTHY,  S.",Makkal Nala Kazhagam,736,TIRUVANNAMALAI - 11,Lost,Tamil Nadu
"SUB MAJOR SETTU, M.",Viro Ke Vir Indian Party,658,TIRUVANNAMALAI - 11,Lost,Tamil Nadu
"ANNADURAI, S.",Independent,648,TIRUVANNAMALAI - 11,Lost,Tamil Nadu
"SANKAR,  S.",Independent,578,TIRUVANNAMALAI - 11,Lost,Tamil Nadu
"ANNADURAI, A.",Independent,516,TIRUVANNAMALAI - 11,Lost,Tamil Nadu
"NALLASIVAM, M.",Independent,429,TIRUVANNAMALAI - 11,Lost,Tamil Nadu
"POONGODY,  A.",Independent,417,TIRUVANNAMALAI - 11,Lost,Tamil Nadu
"PALANI , T.N.",Independent,414,TIRUVANNAMALAI - 11,Lost,Tamil Nadu
"VIMAL, V.",Independent,342,TIRUVANNAMALAI - 11,Lost,Tamil Nadu
"THANGARAJ,  P.",Independent,295,TIRUVANNAMALAI - 11,Lost,Tamil Nadu
"RAMESH , T.P.",Independent,281,TIRUVANNAMALAI - 11,Lost,Tamil Nadu
"NAKKEERAN ,  A.",Independent,265,TIRUVANNAMALAI - 11,Lost,Tamil Nadu
DEEPAMMAL SUNDARI,Independent,259,TIRUVANNAMALAI - 11,Lost,Tamil Nadu
NOTA,None of the Above,11957,TIRUVANNAMALAI - 11,Lost,Tamil Nadu
DM KATHIR ANAND,Dravida Munnetra Kazhagam,568692,VELLORE - 8,Won,Tamil Nadu
AC SHANMUGAM,Bharatiya Janata Party,352990,VELLORE - 8,Lost,Tamil Nadu
DR S PASUPATHI,All India Anna Dravida Munnetra Kazhagam,117682,VELLORE - 8,Lost,Tamil Nadu
D MAHESH ANAND,Naam Tamilar Katchi,53284,VELLORE - 8,Lost,Tamil Nadu
A NATARAJAN,Bharatiya Praja Aikyata Party,4005,VELLORE - 8,Lost,Tamil Nadu
SHANMUGAVELU,Independent,3576,VELLORE - 8,Lost,Tamil Nadu
MANSOOR ALI KHAN,Independent,2804,VELLORE - 8,Lost,Tamil Nadu
SYED ALI D,Independent,2124,VELLORE - 8,Lost,Tamil Nadu
P SHANMUGAM,Independent,2039,VELLORE - 8,Lost,Tamil Nadu
NAGARAJ P,Independent,1959,VELLORE - 8,Lost,Tamil Nadu
K JAYAMANI,Bahujan Samaj Party,1702,VELLORE - 8,Lost,Tamil Nadu
D SARAVANAN,Independent,1497,VELLORE - 8,Lost,Tamil Nadu
MP SHANMUGAM,Independent,868,VELLORE - 8,Lost,Tamil Nadu
N SIVAKUMAR,Independent,701,VELLORE - 8,Lost,Tamil Nadu
AFROSE,Independent,673,VELLORE - 8,Lost,Tamil Nadu
A BEEMARAO MILINTHAR,United Republican Party of India,670,VELLORE - 8,Lost,Tamil Nadu
DR S JAYARAJ,Independent,661,VELLORE - 8,Lost,Tamil Nadu
K SHANMUGAM,Independent,616,VELLORE - 8,Lost,Tamil Nadu
V KALIAPERUMAL,Ganasangam Party of India,600,VELLORE - 8,Lost,Tamil Nadu
G SHANMUGAM,Independent,572,VELLORE - 8,Lost,Tamil Nadu
PP JAYAPRAKASH,Independent,461,VELLORE - 8,Lost,Tamil Nadu
PASUPATHI,Independent,415,VELLORE - 8,Lost,Tamil Nadu
S WILLIAM SATHYARAJ,Tamil Manila Murpokku Dravida Kazhagam,377,VELLORE - 8,Lost,Tamil Nadu
M BABU,Independent,306,VELLORE - 8,Lost,Tamil Nadu
B JAGAN,Independent,285,VELLORE - 8,Lost,Tamil Nadu
AHMED RAASHID PALLIMIRA,Independent,273,VELLORE - 8,Lost,Tamil Nadu
SHANMUGASUNDARAM,Independent,251,VELLORE - 8,Lost,Tamil Nadu
C MADHAVAN,Independent,202,VELLORE - 8,Lost,Tamil Nadu
T JOHNSON,Independent,174,VELLORE - 8,Lost,Tamil Nadu
E RAJKUMAR,Independent,133,VELLORE - 8,Lost,Tamil Nadu
C RAMACHANDHIRAN,Independent,130,VELLORE - 8,Lost,Tamil Nadu
NOTA,None of the Above,8736,VELLORE - 8,Lost,Tamil Nadu
RAVIKUMAR. D,Viduthalai Chiruthaigal Katchi,477033,VILUPPURAM - 13,Won,Tamil Nadu
BHAGYARAJ. J,All India Anna Dravida Munnetra Kazhagam,406330,VILUPPURAM - 13,Lost,Tamil Nadu
MURALI SANKAR. S,Pattali Makkal Katchi,181882,VILUPPURAM - 13,Lost,Tamil Nadu
KALANCHIYAM. M,Naam Tamilar Katchi,57242,VILUPPURAM - 13,Lost,Tamil Nadu
KARUNCHIRUTHAI KALIYAMURTHY. K,Bahujan Samaj Party,3920,VILUPPURAM - 13,Lost,Tamil Nadu
ARUMUGAM. M,United Republican Party of India,3504,VILUPPURAM - 13,Lost,Tamil Nadu
DHARMA. K,Independent,2382,VILUPPURAM - 13,Lost,Tamil Nadu
VIVEKANANDHAN. E,Independent,1953,VILUPPURAM - 13,Lost,Tamil Nadu
ARASAN. K,Independent,1842,VILUPPURAM - 13,Lost,Tamil Nadu
VIGNESVARAN. R,Independent,1656,VILUPPURAM - 13,Lost,Tamil Nadu
SURESH. S,Independent,1397,VILUPPURAM - 13,Lost,Tamil Nadu
PERIYAN. A,Independent,1049,VILUPPURAM - 13,Lost,Tamil Nadu
GUNASEKARAN. K,Independent,963,VILUPPURAM - 13,Lost,Tamil Nadu
VIJAYAN. A,Independent,861,VILUPPURAM - 13,Lost,Tamil Nadu
NAGARAJ. A,Independent,674,VILUPPURAM - 13,Lost,Tamil Nadu
SURESH. K,Independent,598,VILUPPURAM - 13,Lost,Tamil Nadu
SATHIYARAJ. N,Independent,415,VILUPPURAM - 13,Lost,Tamil Nadu
NOTA,None of the Above,8966,VILUPPURAM - 13,Lost,Tamil Nadu
MANICKAM TAGORE B,Indian National Congress,385256,VIRUDHUNAGAR - 34,Won,Tamil Nadu
VIJAYAPRABHAKARAN V,Desiya Murpokku Dravida Kazhagam,380877,VIRUDHUNAGAR - 34,Lost,Tamil Nadu
RADIKAA R,Bharatiya Janata Party,166271,VIRUDHUNAGAR - 34,Lost,Tamil Nadu
KAUSHIK S,Naam Tamilar Katchi,77031,VIRUDHUNAGAR - 34,Lost,Tamil Nadu
RAJESH,Independent,6173,VIRUDHUNAGAR - 34,Lost,Tamil Nadu
ASHOK KUMAR M,Bharatiya Praja Aikyata Party,5293,VIRUDHUNAGAR - 34,Lost,Tamil Nadu
SEKAR S,Hindu Samaj Party,3446,VIRUDHUNAGAR - 34,Lost,Tamil Nadu
MANIKANDAN M,Independent,3346,VIRUDHUNAGAR - 34,Lost,Tamil Nadu
MAYAK KANNAN,Independent,2751,VIRUDHUNAGAR - 34,Lost,Tamil Nadu
MAHENDRA RAMAKRISHNAN P,Independent,2405,VIRUDHUNAGAR - 34,Lost,Tamil Nadu
SURESH,Bahujan Samaj Party,2397,VIRUDHUNAGAR - 34,Lost,Tamil Nadu
SELVI K,Independent,2188,VIRUDHUNAGAR - 34,Lost,Tamil Nadu
PANDIYAMMAL R,Independent,2133,VIRUDHUNAGAR - 34,Lost,Tamil Nadu
SUDALAIMANI M,Independent,1359,VIRUDHUNAGAR - 34,Lost,Tamil Nadu
PALANICHAMY P,Bahujan Dravida Party,1263,VIRUDHUNAGAR - 34,Lost,Tamil Nadu
PALANISAMY K,Independent,1257,VIRUDHUNAGAR - 34,Lost,Tamil Nadu
VENKATESWARAN V K,Independent,1247,VIRUDHUNAGAR - 34,Lost,Tamil Nadu
SELVARAJAN V V,Independent,1121,VIRUDHUNAGAR - 34,Lost,Tamil Nadu
MARIEESWARI M,Independent,1110,VIRUDHUNAGAR - 34,Lost,Tamil Nadu
SANKARANARAYANAN N,Independent,998,VIRUDHUNAGAR - 34,Lost,Tamil Nadu
SELVAKUMAR M,Independent,902,VIRUDHUNAGAR - 34,Lost,Tamil Nadu
MUTHUKANNU C,Tamilaga Makkal Nala Katchi,761,VIRUDHUNAGAR - 34,Lost,Tamil Nadu
MARISELVAM S,All India People Development Party,711,VIRUDHUNAGAR - 34,Lost,Tamil Nadu
JEYARAJ T,Independent,610,VIRUDHUNAGAR - 34,Lost,Tamil Nadu
VEDHA @  DHAMODHARAN,Independent,600,VIRUDHUNAGAR - 34,Lost,Tamil Nadu
RAJAGOPAL S,Independent,527,VIRUDHUNAGAR - 34,Lost,Tamil Nadu
GANESHAMOORTHI G,Independent,460,VIRUDHUNAGAR - 34,Lost,Tamil Nadu
NOTA,None of the Above,9408,VIRUDHUNAGAR - 34,Lost,Tamil Nadu
